,Data,precipitacao_observada,Datetime,prec_prev_Bonfim,prec_prev_ptoN,prec_prev_ptoS,prec_prev_ptoE,prec_prev_ptoW,prec_prev_ptoSE,prec_prev_ptoNE,prec_prev_ptoSW,prec_prev_ptoNW,temp_prev_Bonfim,temp_prev_ptoN,temp_prev_ptoS,temp_prev_ptoE,temp_prev_ptoW,temp_prev_ptoSE,temp_prev_ptoNE,temp_prev_ptoSW,temp_prev_ptoNW
0,2021-10-01,0.0,2021-10-01 00:00:00,0.0,0.0,0.0,0.0,0.0,0.0,0.0,0.0,0.0,21.1398,21.1964,21.0816,21.1138,21.1664,21.0553,21.1706,21.1086,21.2226
1,2021-10-01,0.0,2021-10-01 01:00:00,0.0,0.0,0.0,0.0,0.0,0.0,0.0,0.0,0.0,19.7927,20.0966,20.0775,18.3605,20.3129,19.9581,19.7836,20.3411,20.6159
2,2021-10-01,0.0,2021-10-01 02:00:00,0.0,0.0,0.0,0.0,0.0,0.0,0.0,0.0,0.0,19.3472,19.675,19.6824,17.861,19.826,19.5911,19.3459,19.9553,20.1777
3,2021-10-01,0.0,2021-10-01 03:00:00,0.0,0.0,0.0,0.0,0.0,0.0,0.0,0.0,0.0,19.1122,19.4063,19.3576,17.4328,19.5945,19.2747,19.0632,19.6077,19.933
4,2021-10-01,0.0,2021-10-01 04:00:00,0.0,0.0,0.0,0.0,0.0,0.0,0.0,0.0,0.0,19.0362,19.1943,19.356,17.6223,19.551,19.3032,18.8409,19.5757,19.7122
5,2021-10-01,0.0,2021-10-01 05:00:00,0.0,0.0,0.0,0.0,0.0,0.0,0.0,0.0,0.0,19.3833,19.3925,19.1838,17.7379,19.7311,19.2241,19.0829,19.4044,19.9417
6,2021-10-01,0.0,2021-10-01 06:00:00,0.0,0.0,0.0,0.0,0.0,0.0,0.0,0.0,0.0,18.8645,19.0263,19.1146,17.4481,19.3208,19.0548,18.6802,19.3353,19.536
7,2021-10-01,0.0,2021-10-01 07:00:00,0.0,0.0,0.0,0.0,0.0,0.0,0.0,0.0,0.0,18.782,18.9193,19.2093,17.118,19.2057,19.1283,18.558,19.4288,19.2248
8,2021-10-01,0.0,2021-10-01 08:00:00,0.0,0.0,0.0,0.0,0.0,0.0,0.0,0.0,0.0,19.1671,19.4021,19.1101,17.4423,19.5355,18.9003,18.9364,19.3853,19.8298
9,2021-10-01,0.0,2021-10-01 09:00:00,0.0,0.0,0.0,0.0,0.0,0.0,0.0,0.0,0.0,19.0176,19.1922,19.0652,17.1047,19.4356,19.0688,18.8014,19.3333,19.6364
10,2021-10-01,0.0,2021-10-01 10:00:00,0.0,0.0,0.0,0.0,0.0,0.0,0.0,0.0,0.0,19.9732,19.9904,19.9392,19.8651,20.3753,19.98,19.5763,20.1314,20.5535
11,2021-10-01,0.0,2021-10-01 11:00:00,0.0,0.0,0.0,0.0,0.0,0.0,0.0,0.0,0.0,22.6609,22.4423,22.6849,22.7981,22.9272,22.8271,22.201,22.7692,22.8998
12,2021-10-01,0.0,2021-10-01 12:00:00,0.0,0.0,0.0,0.0,0.0,0.0,0.0,0.0,0.0,24.6208,24.3648,24.6313,24.6674,24.8755,24.7372,24.1348,24.6734,24.8163
13,2021-10-01,0.0,2021-10-01 13:00:00,0.0,0.0,0.0,0.0,0.0,0.0,0.0,0.0,0.0,25.2633,25.2048,25.1413,24.9988,25.6474,25.0892,24.8504,25.3868,25.7804
14,2021-10-01,0.0,2021-10-01 14:00:00,0.0,0.0,0.0,0.0,0.0,0.0,0.0,0.0,0.0,26.3505,26.3658,26.2057,26.0408,26.7215,26.1858,26.0193,26.4135,26.8846
15,2021-10-01,0.0,2021-10-01 15:00:00,0.0,0.0,0.0,0.0,0.0,0.0,0.0,0.0,0.0,26.9007,26.9374,26.8018,26.5033,27.3612,26.6915,26.5673,27.0828,27.5101
16,2021-10-01,0.0,2021-10-01 16:00:00,0.0,0.0,0.0,0.0,0.0,0.0,0.0,0.0,0.0,27.2115,27.2606,27.1697,26.758,27.7672,26.9856,26.8187,27.5184,27.9028
17,2021-10-01,0.0,2021-10-01 17:00:00,0.0,0.0,0.0,0.0,0.0,0.0,0.0,0.0,0.0,26.7061,26.7482,26.6236,26.2607,27.308,26.4556,26.2845,26.9532,27.435
18,2021-10-01,0.0,2021-10-01 18:00:00,0.0,0.0,0.0,0.0,0.0,0.0,0.0,0.0,0.0,25.7084,25.7185,25.7117,25.3,26.3163,25.5384,25.2828,26.0372,26.3884
19,2021-10-01,0.0,2021-10-01 19:00:00,0.0,0.0,0.0,0.0,0.0,0.0,0.0,0.0,0.0,25.3279,25.3662,25.3816,24.9582,25.9189,25.2141,24.9664,25.711,26.0036
20,2021-10-01,0.0,2021-10-01 20:00:00,0.0,0.0,0.0,0.0,0.0,0.0,0.0,0.0,0.0,24.5117,24.6794,24.6018,24.1038,25.0732,24.4489,24.3391,24.9285,25.2664
21,2021-10-01,0.0,2021-10-01 21:00:00,0.0,0.0,0.0,0.0,0.0,0.0,0.0,0.0,0.0,23.982,24.3633,24.138,23.1966,24.5482,23.9442,23.9748,24.459,24.9468
22,2021-10-01,0.0,2021-10-01 22:00:00,0.0,0.0,0.0,0.0,0.0,0.0,0.0,0.0,0.0,23.2633,23.3044,23.464,22.6108,23.7653,23.4028,22.9854,23.6894,23.8846
23,2021-10-01,0.0,2021-10-01 23:00:00,6.28251e-11,0.0,1.57498e-09,0.0,6.32844e-12,8.26701e-11,0.0,5.40684e-08,5.28927e-14,22.6147,22.5998,22.7101,22.1648,23.0343,22.7204,22.2666,22.9246,23.1718
24,2021-10-02,0.0,2021-10-02 00:00:00,0.0,0.0,0.0,0.0,0.0,0.0,0.0,0.0,0.0,22.4545,22.4788,22.428,22.4192,22.4891,22.3924,22.4438,22.4631,22.5129
25,2021-10-02,0.0,2021-10-02 01:00:00,0.0,0.0,0.0,0.0,0.0,0.0,0.0,0.0,0.0,22.2077,22.0622,22.189,20.4186,22.4152,22.2687,21.8318,22.2289,22.4392
26,2021-10-02,0.0,2021-10-02 02:00:00,0.0,0.0,0.0,0.0,0.0,0.0,0.0,0.0,0.0,21.7902,21.65,21.8026,20.5371,22.0806,21.8493,21.4916,21.9498,22.0744
27,2021-10-02,0.0,2021-10-02 03:00:00,0.0,0.0,0.0,0.0,0.0,0.0,0.0,0.0,0.0,21.8732,21.7168,21.6532,20.0523,22.2914,21.522,21.3093,21.9944,22.2401
28,2021-10-02,0.0,2021-10-02 04:00:00,0.0,0.0,0.0,0.0,0.0,0.0,0.0,0.0,0.0,21.5541,21.3795,21.4078,21.0321,21.8735,21.2432,21.1123,21.6703,21.8154
29,2021-10-02,0.0,2021-10-02 05:00:00,0.0,0.0,0.0,0.0,0.0,0.0,0.0,0.0,0.0,20.9551,20.8202,21.1275,19.5597,21.4106,21.1417,20.4783,21.2825,21.3406
30,2021-10-02,0.0,2021-10-02 06:00:00,0.0,0.0,0.0,0.0,0.0,0.0,0.0,0.0,0.0,21.8417,21.8409,21.6774,20.8131,22.2574,21.7965,21.5135,21.9002,22.3728
31,2021-10-02,0.0,2021-10-02 07:00:00,0.0,0.0,0.0,0.0,0.0,0.0,0.0,0.0,0.0,21.5138,21.4793,21.4467,19.6776,21.8603,21.4836,21.0826,21.5844,21.9414
32,2021-10-02,0.0,2021-10-02 08:00:00,0.0,0.0,0.0,0.0,0.0,0.0,0.0,0.0,0.0,20.5436,20.8294,20.4417,18.9843,20.9253,20.4166,20.5633,20.6609,21.2004
33,2021-10-02,0.0,2021-10-02 09:00:00,0.0,0.0,0.0,0.0,0.0,0.0,0.0,0.0,0.0,20.3286,20.4983,20.8066,19.0905,20.5221,20.7841,19.9807,20.9048,20.8869
34,2021-10-02,0.0,2021-10-02 10:00:00,0.0,0.0,0.0,0.0,0.0,0.0,0.0,0.0,0.0,21.9403,22.1902,21.7975,22.0218,22.134,21.9063,21.8521,21.8821,22.5045
35,2021-10-02,0.0,2021-10-02 11:00:00,0.0,0.0,0.0,0.0,0.0,0.0,0.0,0.0,0.0,23.7883,23.6575,23.712,23.9705,23.887,23.7562,23.5482,23.6663,23.8589
36,2021-10-02,0.0,2021-10-02 12:00:00,0.0,0.0,0.0,0.0,0.0,0.0,0.0,0.0,0.0,25.5265,25.7063,25.3739,25.9695,25.3345,25.6471,25.9412,25.1013,25.5804
37,2021-10-02,0.0,2021-10-02 13:00:00,0.0,0.0,0.0,0.0,0.0,0.0,0.0,0.0,0.0,27.2776,27.3994,26.9543,27.1918,27.5894,27.0925,27.2119,27.1668,27.785
38,2021-10-02,0.0,2021-10-02 14:00:00,0.0,0.0,0.0,0.0,0.0,0.0,0.0,0.0,0.0,28.0432,28.2213,27.663,27.9113,28.3837,27.8576,28.0042,27.8557,28.6938
39,2021-10-02,0.0,2021-10-02 15:00:00,0.0,0.0,0.0,0.0,0.0,0.0,0.0,0.0,0.0,29.0492,29.1953,28.7245,28.8192,29.3928,28.881,28.9442,28.9159,29.6442
40,2021-10-02,0.0,2021-10-02 16:00:00,0.0,0.0,0.0,0.0,0.0,0.0,0.0,0.0,0.0,29.4566,29.6949,28.9854,29.2878,29.779,29.238,29.4169,29.1294,30.1717
41,2021-10-02,0.0,2021-10-02 17:00:00,0.0,0.0,0.0,0.0,0.0,0.0,0.0,0.0,0.0,29.5227,29.7375,29.0948,29.3456,29.7654,29.3347,29.4523,29.1224,30.1442
42,2021-10-02,0.0,2021-10-02 18:00:00,0.0,0.0,0.0,0.0,0.0,0.0,0.0,0.0,0.0,28.9455,29.1313,28.5797,28.6823,29.1686,28.6951,28.7082,28.5573,29.5747
43,2021-10-02,0.0,2021-10-02 19:00:00,0.0,0.0,0.0,0.0,0.0,0.0,0.0,0.0,0.0,28.4963,28.5988,28.2081,28.1698,28.8202,28.2327,28.1302,28.2911,29.123
44,2021-10-02,0.0,2021-10-02 20:00:00,0.0,0.0,0.0,0.0,0.0,0.0,0.0,0.0,0.0,27.3725,27.4338,27.1059,26.8769,27.8177,27.11,26.9318,27.2716,28.0928
45,2021-10-02,0.0,2021-10-02 21:00:00,0.0,0.0,0.0,0.0,0.0,0.0,0.0,0.0,0.0,26.4045,26.5,26.3032,25.2441,26.8098,26.319,26.0415,26.1677,27.0882
46,2021-10-02,0.0,2021-10-02 22:00:00,0.0,0.0,0.0,0.0,0.0,0.0,0.0,0.0,0.0,24.7625,25.3103,24.1212,24.3191,24.8788,24.3445,25.1875,24.1518,25.4406
47,2021-10-02,0.0,2021-10-02 23:00:00,0.0,0.0,0.0,0.0,0.0,0.0,0.0,0.0,0.0,23.2419,23.5922,22.7672,22.6939,23.4901,22.8708,23.3353,22.8169,23.9273
48,2021-10-03,0.0,2021-10-03 00:00:00,0.093281,0.0508827,0.10533,0.0634863,0.228318,0.072745,0.0375404,0.318434,0.0959533,23.0789,23.2561,22.5693,22.7047,23.0434,22.4897,22.9638,22.6236,23.2968
49,2021-10-03,0.0,2021-10-03 01:00:00,0.102954,0.0608126,0.124479,0.0690465,0.242845,0.0849821,0.0424991,0.344607,0.110432,23.6669,24.0468,23.3559,22.7858,24.1978,23.1366,23.5468,23.7443,24.6053
50,2021-10-03,0.0,2021-10-03 02:00:00,0.102954,0.0608126,0.124479,0.0690465,0.242845,0.0849821,0.0424991,0.344607,0.110432,22.2436,22.5857,21.7202,21.7353,22.4114,21.7273,22.3871,21.9079,22.6106
51,2021-10-03,0.0,2021-10-03 03:00:00,0.00967291,0.00992984,0.0191492,0.00556022,0.0145267,0.0122371,0.0049587,0.0261732,0.0144791,22.1083,22.1829,21.8491,21.4543,22.3327,21.9238,21.8619,21.9095,22.5048
52,2021-10-03,0.0,2021-10-03 04:00:00,0.0,0.0,0.0,0.0,0.0,0.0,0.0,0.0,0.0,20.8541,21.2131,20.6417,20.528,21.1749,20.6299,20.806,20.7559,21.4968
53,2021-10-03,0.0,2021-10-03 05:00:00,0.0,0.0,0.0,0.0,0.0,0.0,0.0,2.38419e-07,0.0,20.7363,20.8059,20.6208,20.4678,21.0127,20.6486,20.511,20.6819,21.1255
54,2021-10-03,0.0,2021-10-03 06:00:00,0.00388809,0.0249584,0.00228681,0.0236207,0.00092119,0.00714704,0.057091,0.00337908,0.00696356,20.4338,20.5667,20.3847,20.25,20.5739,20.4586,20.4057,20.4713,20.8318
55,2021-10-03,0.0,2021-10-03 07:00:00,0.00388921,0.0249584,0.00229,0.0236219,0.000922158,0.00715123,0.057091,0.00338155,0.00696356,20.5346,20.601,20.4296,20.1151,20.7088,20.4846,20.3392,20.4741,20.8687
56,2021-10-03,0.0,2021-10-03 08:00:00,0.00388921,0.0249584,0.00229,0.0236219,0.000922158,0.00715123,0.057091,0.00338131,0.00696356,20.6364,20.627,20.463,20.3324,20.9277,20.4837,20.3055,20.6219,21.0607
57,2021-10-03,0.0,2021-10-03 09:00:00,1.12504e-06,0.0,3.18885e-06,1.2517e-06,9.68575e-07,4.18723e-06,0.0,2.47359e-06,0.0,21.0322,21.0056,20.9062,20.5875,21.331,20.939,20.7885,21.0748,21.406
58,2021-10-03,0.0,2021-10-03 10:00:00,0.0,0.0,0.0,0.0,0.0,0.0,0.0,0.0,0.0,22.1521,22.1077,22.0807,22.261,22.2587,22.1741,21.9626,22.0104,22.3579
59,2021-10-03,0.0,2021-10-03 11:00:00,0.0,0.0,0.0,0.0,0.0,0.0,0.0,0.0,0.0,23.2678,23.2834,23.0236,23.3411,23.3863,23.0947,23.1144,23.0937,23.4927
60,2021-10-03,0.0,2021-10-03 12:00:00,0.0,0.0,0.0,0.0,0.0,0.0,0.0,0.0,0.0,24.5843,24.7026,24.2638,24.5977,24.5704,24.328,24.5913,24.2512,24.7517
61,2021-10-03,0.0,2021-10-03 13:00:00,0.0,0.0,0.0,0.0,0.0,0.0,0.0,0.0,0.0,25.2644,25.5514,24.7748,25.0855,25.5331,24.8651,25.3288,25.0306,25.8249
62,2021-10-03,0.0,2021-10-03 14:00:00,0.0,0.0,0.0,0.0,0.0,0.0,0.0,0.0,0.0,26.358,26.6186,25.8389,26.0645,26.644,25.9899,26.3796,26.0646,26.97
63,2021-10-03,0.0,2021-10-03 15:00:00,0.0,0.0,0.0,0.0,0.0,0.0,0.0,0.0,0.0,27.3895,27.8451,26.7668,27.2777,27.7326,27.1472,27.7687,26.9456,28.2749
64,2021-10-03,0.0,2021-10-03 16:00:00,0.0,0.0,0.0,0.0,0.0,0.0,0.0,0.0,0.0,29.3091,29.3638,28.9462,28.837,29.3661,29.1031,28.8452,28.4933,29.8864
65,2021-10-03,0.0,2021-10-03 17:00:00,0.0,0.0,0.0,0.0,0.0,0.0,0.0,0.0,0.0,29.3897,29.4859,29.0312,28.9264,29.9159,28.9672,28.9316,29.2199,30.2364
66,2021-10-03,0.0,2021-10-03 18:00:00,0.0,0.0,0.0,0.0,0.0,0.0,0.0,0.0,0.0,29.3021,29.308,29.0366,28.7785,29.8957,28.9236,28.7003,29.2425,30.0729
67,2021-10-03,0.0,2021-10-03 19:00:00,0.0,0.0,0.0,0.0,0.0,0.0,0.0,0.0,0.0,29.8674,29.7403,29.6973,29.3355,30.3664,29.6763,29.1057,29.6148,30.5123
68,2021-10-03,0.0,2021-10-03 20:00:00,0.0,0.0,0.0,0.0,0.0,0.0,0.0,0.0,0.0,27.5418,28.4507,26.3464,27.7412,26.8747,26.9663,28.4935,25.7881,27.7928
69,2021-10-03,0.0,2021-10-03 21:00:00,0.0,0.0,0.0,0.0,0.0,0.0,0.0,0.0,0.0,22.527,22.6729,22.2571,22.0144,22.6962,22.5386,22.4305,22.2546,22.9783
70,2021-10-03,0.0,2021-10-03 22:00:00,0.0,0.0,0.0,0.0,0.0,0.0,0.0,0.0,0.0,21.9359,21.9564,21.8393,21.516,22.1659,21.9929,21.7081,21.8529,22.3341
71,2021-10-03,0.0,2021-10-03 23:00:00,0.0,0.0,0.0,0.0,0.0,0.0,0.0,0.0,0.0,21.8321,21.8072,21.7868,21.5468,22.126,21.8956,21.5302,21.8424,22.2797
72,2021-10-04,0.0,2021-10-04 00:00:00,0.0,0.0,0.0,0.0,0.0,0.0,0.0,0.0,0.0,22.446,22.4865,22.4042,22.4423,22.4493,22.4006,22.4828,22.4076,22.4897
73,2021-10-04,0.0,2021-10-04 01:00:00,0.0,0.0,0.0,0.0,0.0,0.0,0.0,0.0,0.0,22.3396,22.2408,22.2598,22.0673,22.5666,22.3664,22.04,22.3165,22.6477
74,2021-10-04,0.0,2021-10-04 02:00:00,0.0,0.0,0.0,0.0,0.0,0.0,0.0,0.0,0.0,21.819,21.7458,21.7333,21.5388,22.0678,21.8204,21.5245,21.8113,22.1705
75,2021-10-04,0.0,2021-10-04 03:00:00,0.546389,0.582603,0.532143,0.565082,0.470605,0.545531,0.570123,0.508933,0.491768,22.0932,21.9604,22.0984,21.8578,22.3864,22.1505,21.7626,22.2323,22.3781
76,2021-10-04,0.0,2021-10-04 04:00:00,0.546389,0.582603,0.532143,0.565082,0.470605,0.545531,0.570123,0.508926,0.491768,21.8614,21.734,21.8457,20.8552,22.1174,21.9166,21.4818,21.9484,22.1476
77,2021-10-04,0.0,2021-10-04 05:00:00,0.000656545,0.00076431,0.000228941,0.000377178,0.00263169,8.11815e-05,0.000534892,0.00138253,0.00303671,21.7949,21.6632,21.7757,20.7726,22.1143,21.8195,21.3094,21.9126,22.1436
78,2021-10-04,0.0,2021-10-04 06:00:00,0.0,0.0,0.0,0.0,0.0,0.0,1.78814e-07,0.0,0.0,21.7316,21.5756,21.7168,20.7775,22.0133,21.6575,21.2755,21.8177,22.0317
79,2021-10-04,0.0,2021-10-04 07:00:00,0.0,0.0,0.0,0.0,0.0,0.0,0.0,0.0,0.0,21.6483,21.5381,21.615,20.3636,21.9457,21.5377,21.2191,21.7811,21.9564
80,2021-10-04,0.0,2021-10-04 08:00:00,0.0,0.0,0.0,0.0,0.0,0.0,0.0,0.0,0.0,21.3455,21.2722,21.4131,20.1895,21.7511,21.3825,21.0194,21.623,21.7909
81,2021-10-04,0.0,2021-10-04 09:00:00,0.0,0.0,0.0,0.0,0.0,0.0,0.0,0.0,0.0,21.5933,21.6046,21.4457,20.3315,21.7854,21.2545,21.4359,21.6159,21.8881
82,2021-10-04,0.0,2021-10-04 10:00:00,0.0,0.0,0.0,0.0,0.0,0.0,0.0,0.0,0.0,23.2868,23.5365,23.0686,23.1537,23.2646,22.864,23.5418,23.1811,23.3337
83,2021-10-04,0.0,2021-10-04 11:00:00,0.0,0.0,0.0,0.0,0.0,0.0,0.0,0.0,0.0,26.2296,26.1873,26.39,26.7708,26.2588,26.4387,26.4965,26.2956,26.1964
84,2021-10-04,0.0,2021-10-04 12:00:00,0.0,0.0,0.0,0.0,0.0,0.0,0.0,0.0,0.0,28.0912,28.0937,28.1312,28.6731,28.0157,28.5675,28.6197,27.9228,28.0451
85,2021-10-04,0.0,2021-10-04 13:00:00,0.0,0.0,0.0,0.0,0.0,0.0,0.0,0.0,0.0,32.0412,31.9738,31.9896,32.123,31.6689,32.1674,31.7659,31.564,31.7316
86,2021-10-04,0.0,2021-10-04 14:00:00,0.0,0.0,0.0,0.0,0.0,0.0,0.0,0.0,0.0,33.406,33.3324,33.455,33.5732,33.4414,33.7569,33.3552,33.3517,33.4468
87,2021-10-04,0.0,2021-10-04 15:00:00,0.0,0.0,0.0,0.0,0.0,0.0,0.0,0.0,0.0,35.1563,35.0406,35.1185,35.0468,35.3538,35.2492,34.7792,35.1698,35.3827
88,2021-10-04,0.0,2021-10-04 16:00:00,0.0,0.0,0.0,0.0,0.0,0.0,0.0,0.0,0.0,36.0437,35.9837,35.9804,35.974,36.2401,36.1353,35.761,36.0347,36.3189
89,2021-10-04,0.0,2021-10-04 17:00:00,0.0,0.0,0.0,0.0,0.0,0.0,0.0,0.0,0.0,36.7623,36.6226,36.6983,36.5805,37.0122,36.7609,36.3251,36.7606,37.0726
90,2021-10-04,0.0,2021-10-04 18:00:00,0.0,0.0,0.0,0.0,0.0,0.0,0.0,0.0,0.0,37.0983,36.9792,37.0757,36.9411,37.2931,37.1533,36.6297,37.0701,37.3622
91,2021-10-04,0.0,2021-10-04 19:00:00,0.0,0.0,0.0,0.0,0.0,0.0,0.0,0.0,0.0,35.1416,35.8483,34.4553,34.1357,36.1125,34.2618,34.04,34.4669,37.2495
92,2021-10-04,0.0,2021-10-04 20:00:00,5.6752,4.24232,7.63635,4.14131,7.59886,5.11645,3.65309,9.83952,5.20234,26.6753,26.8118,26.4201,25.7399,26.7162,26.7182,26.608,26.2772,26.9695
93,2021-10-04,0.0,2021-10-04 21:00:00,6.08065,4.49945,8.19954,4.645,7.90611,5.86042,3.9317,10.2656,5.41651,25.2064,25.381,24.8328,24.0831,25.6121,24.9015,24.9881,25.097,25.92
94,2021-10-04,0.0,2021-10-04 22:00:00,6.08065,4.49945,8.19954,4.645,7.90611,5.86042,3.9317,10.2656,5.41651,24.2527,24.3774,23.9061,23.2991,24.6049,23.915,24.0238,24.1203,24.8642
95,2021-10-04,0.0,2021-10-04 23:00:00,0.405456,0.257131,0.563185,0.503694,0.307252,0.743974,0.278609,0.426085,0.214177,24.5521,24.7043,24.1474,23.7261,24.9341,24.092,24.3575,24.4086,25.2119
96,2021-10-05,0.0,2021-10-05 00:00:00,0.0,0.0,0.0,0.0,0.0,0.0,0.0,0.0,0.0,22.0866,22.1266,22.0455,22.069,22.1046,22.0294,22.1075,22.062,22.146
97,2021-10-05,0.0,2021-10-05 01:00:00,0.0,0.0,0.0,0.0,0.0,0.0,0.0,0.0,0.0,21.8231,21.7872,21.6326,21.123,22.0576,21.6901,21.5242,21.7439,22.1689
98,2021-10-05,0.0,2021-10-05 02:00:00,0.0,0.0,0.0,0.0,0.0,0.0,0.0,0.0,0.0,21.4688,21.4248,21.3985,21.2644,21.6846,21.5424,21.2298,21.3966,21.8026
99,2021-10-05,0.0,2021-10-05 03:00:00,4.02665e-06,6.89167e-07,0.000447997,8.34421e-07,0.000116108,6.07089e-05,9.47843e-07,0.00180759,4.72912e-07,21.3295,21.2379,21.2809,21.1743,21.4791,21.3486,21.0415,21.2769,21.5452
100,2021-10-05,0.0,2021-10-05 04:00:00,0.111821,0.12531,0.0945972,0.0863721,0.132709,0.0658126,0.108297,0.128025,0.131866,21.1406,21.0428,21.1255,21.0181,21.3368,21.2309,20.8669,21.1243,21.3945
101,2021-10-05,0.0,2021-10-05 05:00:00,0.148863,0.160967,0.145432,0.119312,0.178025,0.105829,0.143399,0.191083,0.1702,21.0805,20.9932,21.05,20.9474,21.3151,21.1747,20.7893,21.0857,21.3971
102,2021-10-05,0.0,2021-10-05 06:00:00,0.150793,0.176491,0.164752,0.12498,0.191515,0.109959,0.179754,0.23741,0.174469,21.1145,21.0409,21.0453,20.8932,21.424,21.1078,20.7818,21.1897,21.4996
103,2021-10-05,0.0,2021-10-05 07:00:00,0.0797414,0.130044,0.105356,0.0529018,0.134458,0.0522153,0.129285,0.193276,0.144341,21.4085,21.3457,21.3067,21.1535,21.7221,21.3621,21.0857,21.452,21.7923
104,2021-10-05,0.0,2021-10-05 08:00:00,0.0572655,0.125596,0.0646152,0.0351965,0.098837,0.01702,0.126416,0.15343,0.140078,21.404,21.28,21.3303,21.2313,21.6434,21.3916,21.0944,21.4334,21.6545
105,2021-10-05,0.0,2021-10-05 09:00:00,0.0594432,0.113558,0.0518237,0.0307322,0.103696,0.0141136,0.0909331,0.13531,0.146499,21.2558,21.1746,21.2034,21.0709,21.5319,21.2785,20.9419,21.3174,21.6048
106,2021-10-05,0.0,2021-10-05 10:00:00,0.0904113,0.0915974,0.0800142,0.0592469,0.142421,0.0359359,0.0650368,0.174753,0.125201,21.3022,21.1381,21.2954,21.0573,21.5695,21.3454,20.9219,21.4333,21.5543
107,2021-10-05,0.0,2021-10-05 11:00:00,0.0775243,0.0619046,0.0707098,0.0443721,0.13746,0.0312012,0.0333203,0.154589,0.0941008,21.6204,21.4233,21.6025,21.5583,21.864,21.6649,21.2565,21.7148,21.8097
108,2021-10-05,0.0,2021-10-05 12:00:00,0.0734123,0.0584185,0.0637336,0.0431671,0.118995,0.0299162,0.0324461,0.124575,0.0834103,22.52,22.3458,22.7004,22.782,22.64,22.9917,22.4809,22.5807,22.694
109,2021-10-05,0.0,2021-10-05 13:00:00,0.00178561,0.00152424,0.000889093,0.000367299,0.00500128,8.62181e-05,0.000516295,0.0039264,0.00298148,22.3286,22.4902,22.33,22.6749,22.3987,22.6582,22.5382,22.169,22.7237
110,2021-10-05,0.0,2021-10-05 14:00:00,0.0852267,0.0432063,0.117491,0.139459,0.0196693,0.173831,0.0700048,0.041752,0.0206293,22.1259,22.1474,22.0143,21.8303,22.4093,22.0977,21.8423,22.0639,22.5536
111,2021-10-05,0.0,2021-10-05 15:00:00,0.0853347,0.0436059,0.129178,0.139463,0.0197653,0.19166,0.0701019,0.0472189,0.0209225,22.136,22.1153,22.0534,21.8831,22.4721,22.0962,21.7874,22.1613,22.6141
112,2021-10-05,0.0,2021-10-05 16:00:00,0.0863324,0.0436559,0.15067,0.142934,0.0196883,0.234303,0.07045,0.055574,0.0209139,22.3517,22.3035,22.2387,22.0081,22.7274,22.2198,21.8666,22.3679,22.8279
113,2021-10-05,0.0,2021-10-05 17:00:00,0.00204125,0.000497192,0.0389966,0.00527301,0.000496358,0.0702572,0.000586867,0.0178541,0.000295162,22.1362,22.1053,21.9988,21.9422,22.4127,22.0748,21.7203,22.0494,22.6036
114,2021-10-05,0.0,2021-10-05 18:00:00,0.00193328,9.76026e-05,0.0273424,0.00526956,0.000400364,0.0524599,0.000489831,0.0123984,1.96695e-06,22.4791,22.4345,22.4306,22.3341,22.6527,22.5151,22.0563,22.3131,22.8328
115,2021-10-05,0.0,2021-10-05 19:00:00,0.000828266,4.01735e-05,0.00575119,0.00179085,0.000209957,0.00981671,0.000141472,0.00316519,0.0,21.8479,21.8084,21.7507,21.5596,22.2297,21.7755,21.4298,21.9504,22.3268
116,2021-10-05,0.0,2021-10-05 20:00:00,3.03984e-06,0.0,0.000170201,1.43051e-05,0.0,0.000451297,0.0,1.12653e-05,0.0,21.5209,21.4385,21.4656,21.1917,21.8784,21.5037,21.1013,21.619,21.9575
117,2021-10-05,0.0,2021-10-05 21:00:00,0.000146776,0.00680429,0.00308633,0.000273764,0.00502828,0.00113553,0.0196037,0.00904506,0.002197,21.3163,21.2185,21.2581,20.9932,21.6742,21.2869,20.8846,21.3959,21.7419
118,2021-10-05,0.0,2021-10-05 22:00:00,0.0636123,0.187883,0.0203132,0.0817516,0.0374249,0.0325183,0.225164,0.0297261,0.095593,21.0803,21.0169,21.0067,20.7987,21.4156,21.073,20.694,21.1396,21.5186
119,2021-10-05,0.0,2021-10-05 23:00:00,0.160358,0.316749,0.0365657,0.184459,0.107719,0.0541865,0.377703,0.0572594,0.184923,20.9135,20.7813,20.9073,20.5999,21.2894,20.9385,20.4513,21.0483,21.3134
120,2021-10-06,0.0,2021-10-06 00:00:00,0.0,0.0,0.0,0.0,0.0,0.0,0.0,0.0,0.0,20.5604,20.5636,20.5559,20.5666,20.5538,20.5629,20.569,20.5485,20.5577
121,2021-10-06,0.0,2021-10-06 01:00:00,0.0,0.0,0.0,0.0,0.0,0.0,0.0,0.0,0.0,19.953,19.8126,19.9562,19.6581,20.3054,19.9975,19.4862,20.0844,20.3315
122,2021-10-06,0.0,2021-10-06 02:00:00,0.0,0.0,0.0,0.0,0.0,0.0,0.0,0.0,0.0,19.9678,19.8569,19.954,19.6619,20.296,20.0248,19.57,20.0683,20.3513
123,2021-10-06,0.0,2021-10-06 03:00:00,0.813754,0.72961,0.869529,0.328928,0.746406,0.425836,0.526513,0.879253,0.506821,19.9497,19.872,19.947,19.5999,20.3066,19.9943,19.5894,20.0975,20.3647
124,2021-10-06,0.0,2021-10-06 04:00:00,0.923686,0.811636,0.956954,0.399139,0.828142,0.473791,0.584158,0.960388,0.562751,19.9369,19.8044,20.0104,19.5471,20.3319,20.0161,19.5181,20.1847,20.3185
125,2021-10-06,0.0,2021-10-06 05:00:00,0.521636,0.453441,0.558767,0.275842,0.441328,0.309897,0.372835,0.567803,0.288342,19.9548,19.8635,20.0493,19.5318,20.353,20.0507,19.5771,20.2235,20.3745
126,2021-10-06,0.0,2021-10-06 06:00:00,0.160983,0.133184,0.112956,0.109933,0.111484,0.0684261,0.102738,0.0982723,0.084529,19.9503,19.8582,20.05,19.5187,20.355,20.0541,19.576,20.2302,20.3683
127,2021-10-06,0.0,2021-10-06 07:00:00,0.0510406,0.0511549,0.0242373,0.0392434,0.0297472,0.016717,0.045071,0.0163361,0.0285989,19.9655,19.8723,20.07,19.59,20.3618,20.0774,19.601,20.2426,20.3731
128,2021-10-06,0.0,2021-10-06 08:00:00,0.0,0.0,0.0,0.0,0.0,0.0,0.0,0.0,0.0,19.9885,19.9153,20.0591,19.6077,20.3847,20.0599,19.6345,20.2371,20.4168
129,2021-10-06,0.0,2021-10-06 09:00:00,0.0,0.0,0.0,0.0,0.0,0.0,0.0,0.0,0.0,20.0106,19.9513,20.0815,19.6442,20.3938,20.0896,19.6814,20.2515,20.4432
130,2021-10-06,0.0,2021-10-06 10:00:00,0.0,0.0,0.0,0.0,0.0,0.0,0.0,0.0,0.0,20.1247,20.097,20.1897,19.8475,20.4901,20.2118,19.83,20.3619,20.5792
131,2021-10-06,0.0,2021-10-06 11:00:00,0.0,0.0,0.0,0.0,0.0,0.0,0.0,0.0,0.0,20.4508,20.4172,20.4481,20.2723,20.7838,20.4833,20.1671,20.6076,20.8868
132,2021-10-06,0.0,2021-10-06 12:00:00,0.0,0.0,0.0,0.0,0.0,0.0,0.0,0.0,0.0,21.0052,20.9501,20.942,20.9188,21.2961,21.0083,20.6986,21.071,21.3878
133,2021-10-06,0.0,2021-10-06 13:00:00,0.0,0.0,0.0,0.0,0.0,0.0,0.0,0.0,0.0,22.8722,22.7803,22.6197,22.715,23.2171,22.5664,22.489,22.8634,23.2674
134,2021-10-06,0.0,2021-10-06 14:00:00,0.00033921,0.0013712,0.0,0.000405192,1.10269e-05,0.0,0.0022856,0.0,0.0001055,22.9578,23.0009,22.7953,22.5575,23.5926,22.741,22.431,23.2723,23.6338
135,2021-10-06,0.0,2021-10-06 15:00:00,0.00033921,0.0013712,0.0,0.000405192,1.10269e-05,0.0,0.0022856,0.0,0.0001055,23.4118,23.2889,23.449,23.1638,23.6967,23.3601,22.918,23.5979,23.6797
136,2021-10-06,0.0,2021-10-06 16:00:00,0.00033921,0.0013712,0.0,0.000405192,1.10269e-05,0.0,0.0022856,0.0,0.0001055,24.4529,24.3542,24.4365,24.0623,24.8951,24.3221,23.9163,24.6341,24.928
137,2021-10-06,0.0,2021-10-06 17:00:00,0.0,0.0,0.0,0.0,0.0,0.0,0.0,0.0,0.0,24.6246,24.6912,24.4958,24.34,25.0139,24.4508,24.3441,24.7026,25.2025
138,2021-10-06,0.0,2021-10-06 18:00:00,0.0,0.0,0.0,0.0,0.0,0.0,0.0,0.0,0.0,24.5814,24.6794,24.5751,24.2818,25.0142,24.5005,24.3281,24.8191,25.2088
139,2021-10-06,0.0,2021-10-06 19:00:00,0.0,0.0,0.0,0.0,0.0,0.0,0.0,0.0,0.0,24.2058,24.7798,24.2958,23.8565,24.6952,24.1749,24.5329,24.5714,25.2302
140,2021-10-06,0.0,2021-10-06 20:00:00,0.0,0.0,0.0,0.0,0.0,0.0,0.0,0.0,0.0,24.5104,24.4183,24.0298,24.1295,24.9149,24.0074,24.0891,24.2204,24.9517
141,2021-10-06,0.0,2021-10-06 21:00:00,0.0,0.0,0.0,0.0,0.0,0.0,0.0,0.0,0.0,22.9368,22.8646,23.0311,22.1356,23.3635,22.9771,22.5365,23.2427,23.4082
142,2021-10-06,0.0,2021-10-06 22:00:00,0.0,0.0,0.0,0.0,0.0,0.0,0.0,0.0,0.0,21.5285,21.504,21.6032,20.912,21.9451,21.622,21.1678,21.7868,22.0601
143,2021-10-06,0.0,2021-10-06 23:00:00,0.0,0.0,0.0,0.0,0.0,0.0,0.0,0.0,0.0,20.959,21.0306,20.9355,20.3788,21.3991,20.9249,20.6968,21.1429,21.5907
144,2021-10-07,0.0,2021-10-07 00:00:00,0.0,0.0,0.0,0.0,0.0,0.0,0.0,0.0,0.0,21.0458,21.0583,21.0323,21.0183,21.0732,21.006,21.0297,21.0587,21.0869
145,2021-10-07,0.0,2021-10-07 01:00:00,0.0,0.0,0.0,0.0,0.0,0.0,0.0,0.0,0.0,20.2978,20.471,20.3182,19.3083,20.7493,20.255,20.0927,20.5755,21.0057
146,2021-10-07,0.0,2021-10-07 02:00:00,0.0,0.0,0.0,0.0,0.0,0.0,0.0,0.0,0.0,19.9199,20.077,19.9113,18.5805,20.3986,19.8463,19.7383,20.183,20.5955
147,2021-10-07,0.0,2021-10-07 03:00:00,0.0,0.0,0.0,0.0,0.0,0.0,0.0,0.0,0.0,19.99,20.0635,19.8457,18.5267,20.3451,19.7518,19.7618,20.1067,20.3589
148,2021-10-07,0.0,2021-10-07 04:00:00,0.0,0.0,0.0,0.0,0.0,0.0,0.0,0.0,0.0,19.7722,19.9876,19.6872,18.2734,20.1371,19.5927,19.6092,19.9548,20.1445
149,2021-10-07,0.0,2021-10-07 05:00:00,0.0,0.0,0.0,0.0,0.0,0.0,0.0,0.0,0.0,20.016,20.5056,19.7976,18.2897,20.3513,19.6727,20.0312,20.1718,20.766
150,2021-10-07,0.0,2021-10-07 06:00:00,0.0,0.0,0.0,0.0,0.0,0.0,0.0,0.0,0.0,20.2606,20.3059,20.4149,18.5645,20.6204,20.3175,19.9013,20.6466,20.6323
151,2021-10-07,0.0,2021-10-07 07:00:00,0.0,0.0,0.0,0.0,0.0,0.0,0.0,0.0,0.0,20.3965,20.4195,20.3937,18.6895,20.7209,20.4132,20.0746,20.5781,20.78
152,2021-10-07,0.0,2021-10-07 08:00:00,0.0,0.0,0.0,0.0,0.0,0.0,0.0,0.0,0.0,20.3768,20.3077,20.3878,18.7411,20.6264,20.4388,20.0455,20.4603,20.6428
153,2021-10-07,0.0,2021-10-07 09:00:00,0.0,0.0,0.0,0.0,0.0,0.0,0.0,0.0,0.0,20.2043,20.1242,20.271,18.649,20.4207,20.3631,19.9814,20.2679,20.444
154,2021-10-07,0.0,2021-10-07 10:00:00,0.0,0.0,0.0,0.0,0.0,0.0,0.0,0.0,0.0,21.1546,21.0588,21.1792,21.1676,21.3926,21.3305,20.8887,21.2154,21.3754
155,2021-10-07,0.0,2021-10-07 11:00:00,0.0,0.0,0.0,0.0,0.0,0.0,0.0,0.0,0.0,22.9891,22.7805,23.0786,23.3038,23.1681,23.3381,22.6957,23.0026,23.1285
156,2021-10-07,0.0,2021-10-07 12:00:00,0.0,0.0,0.0,0.0,0.0,0.0,0.0,0.0,0.0,24.836,24.7008,24.8275,25.0238,25.0076,25.0422,24.6529,24.7727,25.0105
157,2021-10-07,0.0,2021-10-07 13:00:00,0.0,0.0,0.0,0.0,0.0,0.0,0.0,0.0,0.0,26.7877,26.5817,26.7706,26.7993,26.9907,26.9658,26.4776,26.7266,26.9492
158,2021-10-07,0.0,2021-10-07 14:00:00,0.0,0.0,0.0,0.0,0.0,0.0,0.0,0.0,0.0,25.4966,25.6775,25.225,25.5558,25.5677,25.6058,25.6902,25.0652,25.937
159,2021-10-07,0.0,2021-10-07 15:00:00,0.0,0.0,0.0,0.0,0.0,0.0,0.0,0.0,0.0,24.5812,24.6814,24.3686,24.4707,24.8455,24.6616,24.481,24.3683,25.1702
160,2021-10-07,0.0,2021-10-07 16:00:00,0.0,0.0,0.0,0.0,0.0,0.0,0.0,0.0,0.0,23.6988,23.7194,23.586,23.6154,23.884,23.8878,23.5686,23.5265,24.1304
161,2021-10-07,0.0,2021-10-07 17:00:00,0.0,0.0,0.0,0.0,0.0,0.0,0.0,0.0,0.0,23.4499,23.3994,23.3823,23.4034,23.5619,23.6017,23.3444,23.2825,23.7232
162,2021-10-07,0.0,2021-10-07 18:00:00,0.0,0.0,0.0,0.0,0.0,0.0,0.0,0.0,0.0,22.9431,22.8816,22.95,22.9191,23.1777,23.1526,22.7547,22.8838,23.3124
163,2021-10-07,0.0,2021-10-07 19:00:00,0.0,0.0,0.0,0.0,0.0,0.0,0.0,0.0,0.0,22.3819,22.267,22.4088,22.2657,22.5969,22.6624,22.1305,22.3642,22.7003
164,2021-10-07,0.0,2021-10-07 20:00:00,3.25554e-10,2.35769e-10,9.46697e-11,0.0,3.87927e-08,0.0,0.0,3.20275e-08,1.18656e-08,21.8487,21.8035,21.7668,21.6396,22.1298,22.0848,21.5582,21.8261,22.2837
165,2021-10-07,0.0,2021-10-07 21:00:00,0.0157587,0.00594913,0.0286907,0.00767051,0.0210078,0.00941969,0.00410471,0.0418092,0.00881093,21.7807,21.7569,21.6336,21.4811,22.0835,21.7068,21.4936,21.7768,22.2255
166,2021-10-07,0.0,2021-10-07 22:00:00,1.65658,1.71868,1.69752,1.69378,1.64744,1.71285,1.93848,1.66733,1.66379,21.3576,21.2872,21.2839,20.937,21.6835,21.4335,21.016,21.4111,21.769
167,2021-10-07,0.0,2021-10-07 23:00:00,2.32453,2.1551,2.75002,2.2239,2.23876,2.7418,2.23396,2.38883,2.17865,20.7433,20.6636,20.6941,20.3073,21.087,20.8074,20.3715,20.8387,21.155
168,2021-10-08,0.0,2021-10-08 00:00:00,0.0,0.0,0.0,0.0,0.0,0.0,0.0,0.0,0.0,20.4178,20.4113,20.4229,20.416,20.4193,20.4234,20.4072,20.4221,20.4152
169,2021-10-08,0.0,2021-10-08 01:00:00,0.0,0.0,0.0,0.0,0.0,0.0,0.0,0.0,0.0,20.0063,19.8899,19.9922,19.6304,20.3473,20.0564,19.5933,20.1516,20.3789
170,2021-10-08,0.0,2021-10-08 02:00:00,0.0,0.0,0.0,0.0,0.0,0.0,0.0,0.0,0.0,19.9916,19.8926,19.9497,19.6351,20.3195,20.0282,19.6182,20.0999,20.3698
171,2021-10-08,0.0,2021-10-08 03:00:00,0.0368798,0.00870948,0.0893581,0.0614876,0.0103262,0.128572,0.0173993,0.0242449,0.00213421,19.9059,19.8022,19.8682,19.5371,20.233,19.9437,19.524,20.0157,20.2791
172,2021-10-08,0.0,2021-10-08 04:00:00,0.00162891,0.000898362,0.00151713,0.00468458,2.23564e-05,0.00511108,0.00235605,1.75089e-06,2.20258e-05,19.8889,19.7848,19.8514,19.4737,20.2169,19.9238,19.4943,19.9972,20.2672
173,2021-10-08,0.0,2021-10-08 05:00:00,0.0,0.0,0.0,0.0,0.0,0.0,0.0,0.0,0.0,19.8434,19.7293,19.8222,19.3835,20.1798,19.8806,19.4116,19.9582,20.2255
174,2021-10-08,0.0,2021-10-08 06:00:00,0.0,0.0,0.0,0.0,0.0,0.0,2.42144e-08,0.0,0.0,19.7774,19.6659,19.7521,19.2809,20.1106,19.8152,19.3486,19.8885,20.1587
175,2021-10-08,0.0,2021-10-08 07:00:00,0.0,0.0,0.0,0.0,0.0,0.0,2.42144e-08,0.0,0.0,19.7717,19.6475,19.7696,19.2282,20.1272,19.815,19.3347,19.9153,20.16
176,2021-10-08,0.0,2021-10-08 08:00:00,0.0,0.0,0.0,0.0,0.0,0.0,2.42144e-08,0.0,0.0,19.7567,19.6271,19.7847,19.0462,20.1362,19.8111,19.2801,19.9389,20.1562
177,2021-10-08,0.0,2021-10-08 09:00:00,0.0,0.0,0.0,0.0,0.0,0.0,0.0,0.0,0.0,19.6724,19.5916,19.8124,18.8777,20.1454,19.7678,19.2141,19.9907,20.1542
178,2021-10-08,0.0,2021-10-08 10:00:00,0.0,0.0,0.0,0.0,0.0,0.0,0.0,0.0,0.0,19.4421,19.5535,19.5738,19.1868,19.9171,19.4602,19.2523,19.9237,20.0656
179,2021-10-08,0.0,2021-10-08 11:00:00,0.0,0.0,0.0,0.0,0.0,0.0,0.0,0.0,0.0,19.905,19.851,19.8337,19.706,20.3941,19.7553,19.4564,20.205,20.3923
180,2021-10-08,0.0,2021-10-08 12:00:00,1.25915e-06,0.0,4.0777e-05,5.21541e-08,8.28877e-07,1.04308e-07,0.0,0.000504008,7.68341e-09,21.1719,21.0401,21.143,21.0521,21.518,21.1686,20.724,21.2972,21.5738
181,2021-10-08,0.0,2021-10-08 13:00:00,0.0962878,0.0151123,0.322131,0.0812255,0.0275148,0.166236,0.0190236,0.187279,0.00163893,20.6671,20.7019,20.6696,20.5368,21.0306,20.7556,20.6148,20.8065,21.1228
182,2021-10-08,0.0,2021-10-08 14:00:00,0.0962929,0.0151124,0.322148,0.0812275,0.0276151,0.166236,0.0190236,0.187568,0.0016394,21.8946,21.881,21.8076,21.4946,22.2576,21.779,21.5425,21.9987,22.2588
183,2021-10-08,0.0,2021-10-08 15:00:00,0.0962916,0.0151124,0.322108,0.0812274,0.0276142,0.166236,0.0190236,0.187064,0.0016394,22.1653,22.1913,22.011,21.92,22.5603,22.0224,21.8909,22.2242,22.6536
184,2021-10-08,0.0,2021-10-08 16:00:00,5.03659e-06,7.63685e-08,1.71959e-05,1.99676e-06,0.000100303,0.0,0.0,0.00028868,4.7381e-07,22.4071,22.37,22.2819,22.116,22.7636,22.3435,21.9999,22.4045,22.9495
185,2021-10-08,0.0,2021-10-08 17:00:00,0.0,0.0,0.0,0.0,0.0,0.0,0.0,0.0,0.0,22.267,22.2594,22.119,21.9164,22.6379,22.1389,21.9113,22.2673,22.8186
186,2021-10-08,0.0,2021-10-08 18:00:00,0.0,0.0,0.0,0.0,0.0,0.0,0.0,0.0,0.0,21.8101,21.7914,21.6589,21.4808,22.1741,21.7087,21.4165,21.8011,22.3494
187,2021-10-08,0.0,2021-10-08 19:00:00,0.0,0.0,0.0,0.0,0.0,0.0,0.0,0.0,0.0,20.8781,20.8634,20.7753,20.5186,21.2391,20.8482,20.49,20.8879,21.4325
188,2021-10-08,0.0,2021-10-08 20:00:00,0.0,0.0,0.0,0.0,0.0,0.0,0.0,0.0,0.0,20.4061,20.2863,20.3965,19.8893,20.817,20.4387,19.907,20.5365,20.8663
189,2021-10-08,0.0,2021-10-08 21:00:00,0.0,0.0,0.0,0.0,0.0,0.0,0.0,0.0,0.0,20.0838,19.9751,20.1931,19.6311,20.5344,20.1655,19.658,20.3828,20.5283
190,2021-10-08,0.0,2021-10-08 22:00:00,0.0,0.0,0.000120133,0.0,0.0,9.43244e-05,0.0,0.000244856,8.28877e-08,19.7135,19.6709,19.7147,19.3374,20.1495,19.6944,19.3555,19.9165,20.2121
191,2021-10-08,0.0,2021-10-08 23:00:00,0.0,0.0,0.000231773,0.0,0.0,9.43244e-05,0.0,0.000712961,1.00583e-07,19.4638,19.4438,19.5105,19.163,19.863,19.5117,19.1584,19.7021,19.9495
192,2021-10-09,0.0,2021-10-09 00:00:00,0.0,0.0,0.0,0.0,0.0,0.0,0.0,0.0,0.0,20.1757,20.1874,20.162,20.1677,20.1828,20.1548,20.1786,20.1683,20.1953
193,2021-10-09,0.0,2021-10-09 01:00:00,0.0,0.0,0.0,0.0,0.0,0.0,0.0,0.0,0.0,19.0185,19.0531,19.192,18.5777,19.4659,19.1289,18.7684,19.4054,19.5519
194,2021-10-09,0.0,2021-10-09 02:00:00,0.0,0.0,0.0,0.0,0.0,0.0,0.0,0.0,0.0,19.0232,19.0939,19.1341,18.6576,19.4201,19.1255,18.8028,19.3323,19.5858
195,2021-10-09,0.0,2021-10-09 03:00:00,0.0,1.46332e-16,0.0,0.0,0.0,0.0,8.41916e-14,0.0,0.0,19.0962,19.0891,19.2429,18.6779,19.5093,19.2371,18.7883,19.4216,19.6005
196,2021-10-09,0.0,2021-10-09 04:00:00,0.0,1.46332e-16,0.0,0.0,0.0,0.0,8.41916e-14,0.0,0.0,19.0653,19.0832,19.2215,18.6516,19.4727,19.2128,18.7955,19.4123,19.5833
197,2021-10-09,0.0,2021-10-09 05:00:00,0.0,2.21582e-17,0.0,0.0,0.0,0.0,8.41916e-14,0.0,0.0,19.1917,19.2721,19.1968,18.7814,19.573,19.2034,18.9829,19.3824,19.7673
198,2021-10-09,0.0,2021-10-09 06:00:00,0.0,0.0,0.0,0.0,0.0,0.0,0.0,0.0,0.0,19.194,19.2419,19.3125,18.734,19.5873,19.2909,18.9536,19.5009,19.7355
199,2021-10-09,0.0,2021-10-09 07:00:00,0.0,0.0,0.0,0.0,0.0,0.0,0.0,0.0,0.0,19.2624,19.3294,19.3936,18.7952,19.6671,19.3639,19.0404,19.6016,19.8165
200,2021-10-09,0.0,2021-10-09 08:00:00,0.00116248,0.000120549,0.000637955,1.78784e-06,0.000841435,6.84926e-09,3.76379e-11,0.000465946,4.8879e-05,19.1844,19.345,19.334,18.6604,19.5852,19.3092,19.0606,19.5249,19.8401
201,2021-10-09,0.0,2021-10-09 09:00:00,0.00135189,0.000120553,0.00467612,0.000210607,0.00091351,0.00406419,1.65126e-09,0.00254795,4.88947e-05,19.0938,19.1739,19.2241,18.5487,19.513,19.2115,18.8851,19.4211,19.679
202,2021-10-09,0.0,2021-10-09 10:00:00,0.00135189,0.000120554,0.00467612,0.000210634,0.00091351,0.00406419,3.14858e-09,0.00254795,4.8896e-05,19.1604,19.0963,19.1743,18.8139,19.5521,19.1727,18.7945,19.3694,19.6075
203,2021-10-09,0.0,2021-10-09 11:00:00,0.000189417,4.72937e-09,0.00403816,0.000208846,7.20746e-05,0.00406418,3.11094e-09,0.00208201,1.69493e-08,19.2862,19.2817,19.3479,19.0963,19.6553,19.3385,18.9889,19.5459,19.7724
204,2021-10-09,0.0,2021-10-09 12:00:00,4.80423e-06,1.84809e-09,0.00207605,3.02243e-08,4.55845e-05,4.65661e-10,3.98237e-09,0.00472808,1.66619e-09,19.6598,19.5637,19.6781,19.5159,20.0066,19.7281,19.2731,19.825,20.0479
205,2021-10-09,0.0,2021-10-09 13:00:00,1.03541e-05,2.8951e-08,0.00590438,2.26137e-08,9.49869e-05,1.61864e-05,1.35223e-06,0.01483,1.31932e-06,19.6231,19.5396,19.6105,19.5068,19.936,19.6348,19.2977,19.7744,19.9907
206,2021-10-09,0.0,2021-10-09 14:00:00,6.64257e-05,2.61238e-05,0.00590652,4.80386e-06,0.000914147,1.62693e-05,0.000211993,0.0152911,0.000232756,19.644,19.498,19.6853,19.5266,20.0082,19.7113,19.2105,19.8613,19.9955
207,2021-10-09,0.0,2021-10-09 15:00:00,6.16214e-05,2.61231e-05,0.00383047,4.8002e-06,0.000868562,1.62688e-05,0.000211991,0.010563,0.000232756,20.1362,20.0373,20.1164,20.0486,20.5009,20.1349,19.7406,20.2921,20.5417
208,2021-10-09,0.0,2021-10-09 16:00:00,5.60716e-05,2.60949e-05,2.13459e-06,4.78125e-06,0.00081916,8.28877e-08,0.000210641,0.000461044,0.000231437,20.343,20.2158,20.4016,20.2325,20.6888,20.4479,19.9257,20.5528,20.7126
209,2021-10-09,0.0,2021-10-09 17:00:00,0.0797323,0.0331247,0.0282285,0.0781654,0.0766514,0.0278481,0.0295989,0.0277303,0.0399356,20.3051,20.2574,20.4618,20.0512,20.6606,20.5123,19.9704,20.6167,20.7532
210,2021-10-09,0.0,2021-10-09 18:00:00,0.282313,0.233413,0.17836,0.248294,0.313635,0.147977,0.198379,0.211117,0.263593,19.9658,20.0154,20.0343,19.6472,20.3212,20.0508,19.7402,20.2138,20.4889
211,2021-10-09,0.0,2021-10-09 19:00:00,0.292137,0.238668,0.183797,0.253747,0.324203,0.1504,0.202316,0.218458,0.267888,19.8623,19.7808,19.891,19.5311,20.2393,19.9121,19.4969,20.0544,20.2892
212,2021-10-09,0.0,2021-10-09 20:00:00,0.218012,0.215678,0.155841,0.178451,0.255693,0.122638,0.178151,0.191162,0.241525,19.5475,19.4965,19.5731,19.0639,19.9377,19.5579,19.2121,19.7715,19.9953
213,2021-10-09,0.0,2021-10-09 21:00:00,0.017468,0.018592,0.00586925,0.0115421,0.0195597,0.00260147,0.017237,0.00788571,0.0188716,19.1629,19.1781,19.2649,18.685,19.5732,19.256,18.8978,19.4613,19.6815
214,2021-10-09,0.0,2021-10-09 22:00:00,0.0079059,0.0135407,0.000572681,0.00740236,0.00899419,0.000994042,0.0138564,0.000544876,0.0146057,18.9188,19.0128,18.9605,18.4992,19.3188,18.9605,18.7224,19.1566,19.5233
215,2021-10-09,0.0,2021-10-09 23:00:00,0.0468673,0.0490436,0.038061,0.0495153,0.0413876,0.0377733,0.0549673,0.0370958,0.0395506,18.4343,18.5099,18.5214,18.0647,18.8387,18.5062,18.2097,18.727,19.0251
216,2021-10-10,0.0,2021-10-10 00:00:00,0.0,0.0,0.0,0.0,0.0,0.0,0.0,0.0,0.0,19.7557,19.7719,19.7379,19.7489,19.7618,19.7318,19.7643,19.7432,19.7786
217,2021-10-10,0.0,2021-10-10 01:00:00,0.0,0.0,0.0,0.0,0.0,0.0,0.0,0.0,0.0,18.6346,18.6013,18.6862,18.337,19.0098,18.7139,18.3029,18.8509,19.114
218,2021-10-10,0.0,2021-10-10 02:00:00,0.0,0.0,0.0,0.0,0.0,0.0,0.0,0.0,0.0,18.6785,18.6619,18.6605,18.3761,19.0461,18.6617,18.3803,18.8464,19.1588
219,2021-10-10,0.0,2021-10-10 03:00:00,8.79943e-10,1.9837e-06,3.70643e-10,2.92297e-10,6.31906e-10,2.63494e-10,9.65875e-07,1.70713e-10,1.02095e-06,18.6545,18.6345,18.6494,18.3644,19.0195,18.6695,18.3537,18.8264,19.1303
220,2021-10-10,0.0,2021-10-10 04:00:00,0.217826,0.25713,0.221578,0.283196,0.160214,0.266098,0.297558,0.19343,0.196551,18.4088,18.3774,18.3879,18.0147,18.8048,18.3822,18.0769,18.5976,18.8905
221,2021-10-10,0.0,2021-10-10 05:00:00,0.473943,0.492991,0.495881,0.536255,0.406139,0.534635,0.534457,0.467792,0.414626,18.2561,18.2559,18.2207,17.8546,18.6461,18.217,17.96,18.419,18.7707
222,2021-10-10,0.0,2021-10-10 06:00:00,0.518569,0.536405,0.542129,0.605461,0.42704,0.597219,0.60379,0.493417,0.435091,18.3813,18.4074,18.3858,17.9515,18.7707,18.3715,18.1217,18.5944,18.9153
223,2021-10-10,0.0,2021-10-10 07:00:00,0.957084,0.870526,1.05825,1.05714,0.803552,1.04176,1.02964,1.03449,0.688005,18.1595,18.1508,18.3613,17.7634,18.5769,18.3582,17.8635,18.5341,18.6212
224,2021-10-10,1.0,2021-10-10 08:00:00,1.16015,1.06943,1.33927,1.25392,1.01802,1.30958,1.22089,1.32798,0.893979,18.2204,18.2532,18.23,17.7777,18.5965,18.2261,17.952,18.4165,18.7444
225,2021-10-10,0.0,2021-10-10 09:00:00,3.38005,3.28063,3.52976,3.44333,3.22493,3.48034,3.40794,3.53309,3.06922,17.887,17.9262,17.9716,17.5502,18.2742,17.9447,17.6229,18.1777,18.381
226,2021-10-10,0.0,2021-10-10 10:00:00,4.40534,4.33079,4.51538,4.46302,4.31242,4.51618,4.42494,4.51772,4.17962,17.8481,17.9182,17.9988,17.5338,18.2581,17.9923,17.6255,18.1886,18.3898
227,2021-10-10,0.0,2021-10-10 11:00:00,5.82435,5.78598,5.85133,5.99593,5.66797,5.91317,6.01923,5.8358,5.54922,18.0516,18.061,18.0113,17.7469,18.445,18.0101,17.7411,18.2133,18.5763
228,2021-10-10,0.0,2021-10-10 12:00:00,3.97652,4.03173,3.98155,4.19879,3.81008,4.11026,4.29585,3.92933,3.81441,18.302,18.2767,18.2778,18.0527,18.7161,18.2988,17.9569,18.4675,18.808
229,2021-10-10,0.0,2021-10-10 13:00:00,2.48876,2.65753,2.39443,2.64495,2.36781,2.49939,2.83936,2.34703,2.50619,18.7191,18.6565,18.6856,18.4995,19.0973,18.7238,18.3734,18.8635,19.1623
230,2021-10-10,0.0,2021-10-10 14:00:00,1.0374,1.17792,0.94123,1.03067,1.01899,0.945215,1.19873,0.963228,1.12698,18.8642,18.8697,18.8617,18.614,19.2517,18.9017,18.5691,19.0358,19.3903
231,2021-10-10,0.0,2021-10-10 15:00:00,1.52968,1.59297,1.56756,1.45702,1.59371,1.56071,1.56161,1.61104,1.5751,19.0279,19.0031,19.0632,18.7619,19.3941,19.0884,18.707,19.2329,19.5005
232,2021-10-10,0.0,2021-10-10 16:00:00,2.628,2.89513,2.46284,2.6749,2.55356,2.58806,2.92297,2.36927,2.75872,19.1534,19.0962,19.3202,18.9155,19.5289,19.3203,18.7984,19.509,19.5815
233,2021-10-10,0.0,2021-10-10 17:00:00,2.58101,2.92576,2.40023,2.74514,2.4062,2.57295,3.05991,2.20658,2.72417,19.1681,19.2,19.2393,18.8864,19.5467,19.2567,18.9177,19.4231,19.7004
234,2021-10-10,0.0,2021-10-10 18:00:00,2.26271,2.68953,1.90528,2.47086,1.98676,2.01848,2.91637,1.77818,2.35766,18.9491,18.915,18.9528,18.6029,19.3361,18.9667,18.6183,19.1387,19.4334
235,2021-10-10,1.0,2021-10-10 19:00:00,1.1362,1.25156,1.10521,1.30503,0.942379,1.19078,1.45689,1.02041,1.00922,18.8045,18.8718,18.897,18.3606,19.2019,18.915,18.5735,19.0692,19.3825
236,2021-10-10,0.0,2021-10-10 20:00:00,0.90371,1.00046,0.852828,1.00152,0.761931,0.941597,1.11604,0.801182,0.807395,18.7351,18.6462,18.7659,18.2407,19.126,18.7617,18.3552,18.9649,19.1677
237,2021-10-10,0.0,2021-10-10 21:00:00,0.324484,0.338506,0.361695,0.400206,0.245381,0.457603,0.38223,0.263063,0.277592,18.6198,18.5864,18.6288,18.1123,19.0145,18.6175,18.2999,18.8316,19.0958
238,2021-10-10,0.0,2021-10-10 22:00:00,0.250778,0.290158,0.236392,0.282801,0.21357,0.274594,0.316446,0.2005,0.267627,18.5549,18.5294,18.5864,18.1051,18.9506,18.5881,18.228,18.7851,19.0455
239,2021-10-10,1.0,2021-10-10 23:00:00,0.24334,0.250336,0.264128,0.364507,0.173182,0.423682,0.321144,0.177016,0.225686,18.4772,18.4436,18.5944,18.0904,18.8563,18.5883,18.1724,18.7803,18.9339
240,2021-10-11,0.0,2021-10-11 00:00:00,0.0,0.0,0.0,0.0,0.0,0.0,0.0,0.0,0.0,19.2662,19.2346,19.2967,19.2676,19.2639,19.299,19.2352,19.2935,19.2332
241,2021-10-11,0.0,2021-10-11 01:00:00,0.0,0.0,0.0,0.0,0.0,0.0,0.0,0.0,0.0,18.4393,18.3795,18.5489,18.1484,18.7917,18.5918,18.1033,18.6981,18.8545
242,2021-10-11,0.0,2021-10-11 02:00:00,0.0,0.0,0.0,0.0,0.0,0.0,0.0,0.0,0.0,18.5628,18.5638,18.6022,18.2132,18.9041,18.6429,18.289,18.7631,19.0218
243,2021-10-11,0.0,2021-10-11 03:00:00,1.58301,1.84629,1.41025,1.70869,1.61082,1.42902,1.99803,1.51184,1.77248,18.3944,18.4282,18.4913,18.0132,18.7776,18.4944,18.1447,18.6658,18.894
244,2021-10-11,0.0,2021-10-11 04:00:00,2.94903,3.09691,2.94286,3.2838,3.0036,2.98353,3.54575,3.19999,2.92749,18.4127,18.4107,18.4707,18.0252,18.7906,18.4962,18.1105,18.6356,18.9104
245,2021-10-11,0.0,2021-10-11 05:00:00,2.77686,2.86621,2.8125,3.1835,2.74234,2.93435,3.36629,3.01548,2.61404,18.5096,18.5547,18.6274,18.02,18.9034,18.6421,18.2435,18.8018,19.0477
246,2021-10-11,0.0,2021-10-11 06:00:00,2.44667,2.41967,2.53256,2.78757,2.33051,2.6284,2.86349,2.60038,2.17223,18.4269,18.4072,18.5685,18.033,18.8199,18.5655,18.1165,18.7585,18.8845
247,2021-10-11,0.0,2021-10-11 07:00:00,3.29821,3.3595,3.06102,3.48757,2.99665,3.07838,3.59169,2.89473,3.06982,18.3454,18.3968,18.4638,18.0188,18.7149,18.462,18.1038,18.6478,18.8718
248,2021-10-11,0.0,2021-10-11 08:00:00,5.94448,6.06495,5.52818,6.47574,5.33599,5.77856,6.68564,5.12078,5.45768,18.2971,18.3081,18.3267,17.9232,18.6785,18.32,17.9929,18.5219,18.8099
249,2021-10-11,0.0,2021-10-11 09:00:00,7.31748,7.41184,6.99851,7.9782,6.61297,7.32949,8.15807,6.56211,6.68937,17.715,17.7026,17.7021,17.3342,18.1154,17.709,17.3848,17.9017,18.2244
250,2021-10-11,0.0,2021-10-11 10:00:00,5.98217,5.97579,5.93659,6.67846,5.31241,6.40004,6.74553,5.47192,5.27326,17.7043,17.7269,17.6702,17.2757,18.1096,17.689,17.4052,17.8596,18.2398
251,2021-10-11,0.0,2021-10-11 11:00:00,3.69294,3.66391,3.7877,4.14993,3.2165,4.06847,4.19464,3.46441,3.15374,18.0591,18.0745,18.0467,17.6806,18.4629,18.053,17.7593,18.2437,18.5929
252,2021-10-11,0.0,2021-10-11 12:00:00,1.91695,1.86305,1.94215,2.17214,1.54408,2.04063,2.25412,1.65645,1.44953,18.3354,18.3302,18.3766,18.0198,18.71,18.41,18.0266,18.5448,18.8423
253,2021-10-11,0.0,2021-10-11 13:00:00,1.40231,1.52119,1.2697,1.56784,1.06847,1.27174,1.81443,1.04034,1.1266,18.6401,18.6517,18.6987,18.3241,19.0551,18.6559,18.3407,18.8993,19.1574
254,2021-10-11,0.0,2021-10-11 14:00:00,1.51963,1.6567,1.36402,1.84203,1.11398,1.59704,2.01387,1.03239,1.22489,18.7014,18.7746,18.7759,18.4521,19.0697,18.7888,18.4904,18.9598,19.231
255,2021-10-11,0.0,2021-10-11 15:00:00,2.15465,2.27378,2.07001,2.61091,1.6463,2.56898,2.64647,1.5452,1.79936,18.8594,18.8579,18.9742,18.6479,19.2172,19.0084,18.5609,19.1269,19.3442
256,2021-10-11,0.0,2021-10-11 16:00:00,2.13703,2.16978,2.08452,2.59374,1.66483,2.6144,2.53916,1.56268,1.74673,19.5054,19.4827,19.488,19.2973,19.8521,19.5346,19.1969,19.6388,19.974
257,2021-10-11,0.0,2021-10-11 17:00:00,2.05616,1.99184,2.03629,2.29525,1.70322,2.29215,2.21211,1.66616,1.66125,19.6776,19.7129,19.6943,19.4308,20.0721,19.7268,19.4055,19.8999,20.2271
258,2021-10-11,0.0,2021-10-11 18:00:00,1.19278,1.11344,1.15436,1.28235,1.01275,1.15938,1.25634,1.05401,0.906376,19.6012,19.6347,19.5648,19.2793,20.009,19.5217,19.3436,19.8143,20.1357
259,2021-10-11,0.0,2021-10-11 19:00:00,2.70993,2.59497,2.93406,2.82657,2.51487,2.93407,2.79664,2.79772,2.33553,18.7748,18.9253,18.7415,18.3396,19.1726,18.733,18.6242,18.9592,19.4275
260,2021-10-11,0.0,2021-10-11 20:00:00,2.7953,2.81531,2.98749,2.86912,2.61038,2.98346,2.99879,2.8401,2.54727,18.4878,18.4669,18.5315,18.0873,18.8751,18.5529,18.1607,18.7196,18.9695
261,2021-10-11,0.0,2021-10-11 21:00:00,2.36834,2.38886,2.58318,2.38404,2.26485,2.57333,2.48206,2.46093,2.22845,18.2395,18.3085,18.2614,17.6252,18.6626,18.2391,17.9955,18.4711,18.8279
262,2021-10-11,0.0,2021-10-11 22:00:00,0.499031,0.587,0.462278,0.485962,0.453375,0.44705,0.622484,0.423292,0.520489,18.2928,18.3928,18.4466,17.663,18.7153,18.4213,18.104,18.6517,18.8911
263,2021-10-11,0.0,2021-10-11 23:00:00,0.0,0.00234604,0.0,4.3869e-05,0.000135422,0.0,0.000112534,0.0,0.00800133,18.3351,18.4266,18.537,17.6866,18.7805,18.5029,18.108,18.7577,18.9327
264,2021-10-12,0.0,2021-10-12 00:00:00,0.0,0.0,0.0,0.0,0.0,0.0,0.0,0.0,0.0,19.0836,19.0289,19.1374,19.0799,19.0872,19.1354,19.0236,19.1395,19.0342
265,2021-10-12,0.0,2021-10-12 01:00:00,0.0,0.0,0.0,0.0,0.0,0.0,0.0,0.0,0.0,17.9225,18.0697,18.0966,16.9242,18.3611,18.0934,17.765,18.2839,18.5557
266,2021-10-12,0.0,2021-10-12 02:00:00,0.0,0.0,0.0,0.0,0.0,0.0,0.0,0.0,0.0,17.7617,17.8725,17.8496,16.6737,18.2001,17.8226,17.5721,18.061,18.3671
267,2021-10-12,0.0,2021-10-12 03:00:00,0.0,0.0,0.0,0.0,0.0,0.0,0.0,0.0,0.0,17.6918,17.7399,17.6602,16.9139,18.1132,17.6298,17.4255,17.8832,18.2502
268,2021-10-12,0.0,2021-10-12 04:00:00,0.0,0.0,0.0,0.0,0.0,0.0,0.0,0.0,0.0,17.7576,17.8444,17.7318,16.8461,18.206,17.6992,17.5041,17.9725,18.3716
269,2021-10-12,0.0,2021-10-12 05:00:00,0.0,0.0,0.0,0.0,0.0,0.0,0.0,0.0,0.0,17.8523,17.8702,17.8094,16.9431,18.2735,17.7758,17.5497,18.0447,18.3839
270,2021-10-12,0.0,2021-10-12 06:00:00,0.0,0.0,0.0,0.0,0.0,0.0,0.0,0.0,0.0,17.7941,17.8015,17.7435,16.6216,18.2216,17.6756,17.4539,17.9951,18.3309
271,2021-10-12,0.0,2021-10-12 07:00:00,0.0,0.0,0.0,0.0,0.0,0.0,0.0,0.0,0.0,17.8477,17.8571,17.8027,16.4035,18.258,17.84,17.5341,18.0352,18.3604
272,2021-10-12,0.0,2021-10-12 08:00:00,6.08934e-10,5.89327e-13,1.45759e-09,1.11953e-08,1.23501e-13,4.47463e-06,5.07642e-10,1.05989e-08,0.0,18.1711,18.166,18.1676,17.6864,18.575,18.1693,17.8429,18.3763,18.675
273,2021-10-12,0.0,2021-10-12 09:00:00,0.00215908,0.00486985,0.000616009,0.00471633,0.000614336,0.00191097,0.0106388,0.000157448,0.0015744,18.1949,18.1624,18.1811,17.3577,18.5941,18.1933,17.8769,18.3926,18.6776
274,2021-10-12,0.0,2021-10-12 10:00:00,0.226194,0.0911622,0.388652,0.0463257,0.375996,0.185227,0.0372804,0.371346,0.281414,18.3587,18.3802,18.3907,17.9273,18.7652,18.4417,18.0883,18.5926,18.8671
275,2021-10-12,0.0,2021-10-12 11:00:00,0.237642,0.0968651,0.442493,0.0688958,0.448095,0.19639,0.0585312,0.513132,0.296703,19.1314,19.0313,19.147,19.0209,19.4822,19.1886,18.757,19.3145,19.51
276,2021-10-12,0.0,2021-10-12 12:00:00,0.316327,0.155999,0.619774,0.105143,0.594953,0.303529,0.0830155,0.727992,0.388778,19.516,19.4767,19.5405,19.4921,19.8344,19.6368,19.2938,19.6945,19.9136
277,2021-10-12,0.0,2021-10-12 13:00:00,0.0923032,0.0697246,0.231738,0.0636133,0.219571,0.120216,0.0565474,0.356804,0.108938,21.3088,21.2089,21.194,21.1442,21.6046,21.317,20.8661,21.2964,21.7487
278,2021-10-12,0.0,2021-10-12 14:00:00,0.181226,0.149114,0.283967,0.106403,0.258381,0.205414,0.0846939,0.316057,0.204639,21.1913,21.167,21.2505,20.972,21.5605,21.3423,20.8541,21.3412,21.9097
279,2021-10-12,0.0,2021-10-12 15:00:00,0.43398,0.656544,0.265763,0.66132,0.267418,0.4089,0.953855,0.172096,0.407744,21.3971,21.3754,21.3831,21.108,21.7326,21.4921,21.2598,21.5715,21.8158
280,2021-10-12,0.0,2021-10-12 16:00:00,0.512052,0.828675,0.318552,0.802097,0.316881,0.468126,1.23678,0.245264,0.505576,20.9761,21.0085,20.9249,20.5446,21.3361,21.0076,20.7647,21.0805,21.4321
281,2021-10-12,0.0,2021-10-12 17:00:00,0.44228,0.77842,0.238418,0.744136,0.241881,0.38384,1.20185,0.171997,0.430375,21.3884,21.3472,21.4418,21.187,21.7641,21.5534,21.1035,21.4832,21.9374
282,2021-10-12,0.0,2021-10-12 18:00:00,0.109672,0.208919,0.0788838,0.151475,0.0855241,0.0720599,0.304127,0.100949,0.133942,20.5635,20.4178,20.7183,20.2556,20.9009,20.8221,20.1718,20.8318,20.9003
283,2021-10-12,0.0,2021-10-12 19:00:00,0.0315885,0.0367708,0.0260945,0.0106188,0.0360605,0.0128318,0.0210298,0.0277809,0.0361102,20.263,20.2428,20.2247,19.8588,20.6372,20.2426,20.0161,20.4488,20.7506
284,2021-10-12,0.0,2021-10-12 20:00:00,0.000989497,0.0019331,0.000159025,0.00321949,0.000152349,0.00075078,0.00656486,9.05991e-06,0.000321686,20.1233,20.1184,20.1541,19.6575,20.4514,20.1823,19.8793,20.2691,20.5631
285,2021-10-12,0.0,2021-10-12 21:00:00,0.0,0.0,0.0,0.0,0.0,0.0,0.0,0.0,0.0,19.5395,19.5924,19.5591,18.8405,19.9389,19.5345,19.2985,19.7494,20.0597
286,2021-10-12,0.0,2021-10-12 22:00:00,0.0,0.0,0.0,0.0,0.0,0.0,0.0,0.0,0.0,19.019,19.0394,18.9737,17.558,19.4312,18.9214,18.766,19.2082,19.5148
287,2021-10-12,0.0,2021-10-12 23:00:00,0.0,0.0,0.0,0.0,0.0,0.0,0.0,0.0,0.0,18.8427,18.8732,18.7782,17.118,19.2498,18.7696,18.5819,19.0147,19.3572
288,2021-10-13,0.0,2021-10-13 00:00:00,0.0,0.0,0.0,0.0,0.0,0.0,0.0,0.0,0.0,19.682,19.6529,19.7101,19.6708,19.6928,19.7008,19.6398,19.719,19.6655
289,2021-10-13,0.0,2021-10-13 01:00:00,0.0,0.0,0.0,0.0,0.0,0.0,0.0,0.0,0.0,18.6931,18.7263,18.5705,16.863,18.9234,18.5222,18.3966,18.7487,19.0352
290,2021-10-13,0.0,2021-10-13 02:00:00,0.0,0.0,0.0,0.0,0.0,0.0,0.0,0.0,0.0,18.1835,18.2253,18.0225,16.7708,18.5888,17.8236,17.8521,18.34,18.693
291,2021-10-13,0.0,2021-10-13 03:00:00,0.0,0.0,0.0,0.0,0.0,0.0,0.0,0.0,0.0,17.5961,17.9027,17.5233,16.6107,18.0122,17.3728,17.477,17.7289,18.4502
292,2021-10-13,0.0,2021-10-13 04:00:00,0.0,0.0,0.0,0.0,0.0,0.0,0.0,0.0,0.0,17.9466,18.1244,17.8745,16.8291,18.4422,17.7488,17.7083,18.1656,18.7039
293,2021-10-13,0.0,2021-10-13 05:00:00,0.0,0.0,0.0,0.0,0.0,0.0,0.0,0.0,0.0,17.8446,17.9884,17.915,16.5855,18.3449,17.8747,17.5417,18.1689,18.5822
294,2021-10-13,0.0,2021-10-13 06:00:00,0.0,0.0,0.0,0.0,0.0,0.0,0.0,0.0,0.0,18.0633,18.2963,17.9307,16.2049,18.5961,17.7645,17.8015,18.2721,18.9138
295,2021-10-13,0.0,2021-10-13 07:00:00,0.0,0.0,0.0,0.0,0.0,0.0,0.0,0.0,0.0,18.0702,18.3787,17.9337,15.963,18.6386,17.7683,17.8607,18.3349,19.0172
296,2021-10-13,0.0,2021-10-13 08:00:00,0.0,0.0,0.0,0.0,0.0,0.0,0.0,0.0,0.0,18.2696,18.4919,18.0585,16.5086,18.7988,17.8502,17.9933,18.4279,19.112
297,2021-10-13,0.0,2021-10-13 09:00:00,0.0,0.0,0.0,0.0,0.0,0.0,0.0,0.0,0.0,18.4301,18.5785,18.2608,17.6754,18.962,18.075,18.1024,18.6141,19.1909
298,2021-10-13,0.0,2021-10-13 10:00:00,0.0,0.0,0.0,0.0,0.0,0.0,0.0,0.0,0.0,19.8011,19.7874,19.8082,19.7952,20.1951,19.896,19.4431,19.9683,20.357
299,2021-10-13,0.0,2021-10-13 11:00:00,0.0,0.0,0.0,0.0,0.0,0.0,0.0,0.0,0.0,22.0677,21.9466,22.0842,22.1306,22.3759,22.1692,21.6877,22.2017,22.424
300,2021-10-13,0.0,2021-10-13 12:00:00,0.0,0.0,0.0,0.0,0.0,0.0,0.0,0.0,0.0,23.8113,23.9341,23.6901,23.8425,24.2702,23.6609,23.6459,23.9948,24.3608
301,2021-10-13,0.0,2021-10-13 13:00:00,0.0,0.0,0.0,0.0,0.0,0.0,0.0,0.0,0.0,25.2212,25.1028,25.1715,25.0939,25.5531,25.2045,24.8305,25.3361,25.5774
302,2021-10-13,0.0,2021-10-13 14:00:00,0.0,0.0,0.0,0.0,0.0,0.0,0.0,0.0,0.0,26.666,26.5,26.5813,26.4517,26.982,26.6236,26.2372,26.7661,26.9597
303,2021-10-13,0.0,2021-10-13 15:00:00,0.0,0.0,0.0,0.0,0.0,2.94079e-14,0.0,0.0,0.0,26.1737,26.4094,25.2205,25.5197,27.0425,24.985,26.1603,26.3625,26.7245
304,2021-10-13,0.0,2021-10-13 16:00:00,0.00502534,0.0201761,0.000583901,5.82229e-05,0.0104318,7.92151e-08,0.00257132,0.00114911,0.0213116,26.0384,26.0347,26.0234,25.4514,26.564,25.8909,25.1673,26.3492,26.6761
305,2021-10-13,0.0,2021-10-13 17:00:00,0.0108784,0.0458618,0.000584816,5.9182e-05,0.0342284,2.00108e-07,0.00295611,0.00295009,0.0695785,26.2079,26.0839,25.8763,25.3466,26.5958,25.4641,25.2769,26.1368,26.7431
306,2021-10-13,0.0,2021-10-13 18:00:00,0.0108784,0.0458618,0.000584816,5.9182e-05,0.0342284,2.00108e-07,0.00295611,0.00295009,0.0695785,25.6938,25.8315,25.6733,25.3366,26.2087,25.5171,25.4362,26.0101,26.3925
307,2021-10-13,0.0,2021-10-13 19:00:00,0.00585306,0.0256856,9.14675e-07,9.59048e-07,0.0237966,1.20893e-07,0.000384788,0.00180098,0.048267,25.181,26.0397,25.1949,24.8609,25.6906,25.0124,25.8148,25.5377,26.4559
308,2021-10-13,0.0,2021-10-13 20:00:00,0.0,0.0,0.0,0.0,0.0,0.0,0.0,0.0,0.0,25.4641,25.4052,24.7101,25.049,25.8783,24.6319,25.0407,24.9699,25.9613
309,2021-10-13,0.0,2021-10-13 21:00:00,0.0,0.0,0.0,0.0,0.0,0.0,0.0,0.0,0.0,23.588,23.4832,23.6434,22.5536,24.0326,23.6224,23.1592,23.8443,24.0048
310,2021-10-13,0.0,2021-10-13 22:00:00,0.0,0.0,0.0,0.0,0.0,0.0,0.0,0.0,0.0,22.2774,22.2367,22.2548,21.2231,22.7213,22.1687,21.9321,22.5002,22.7435
311,2021-10-13,0.0,2021-10-13 23:00:00,0.0,0.0,0.0,0.0,0.0,0.0,0.0,0.0,0.0,21.3635,21.3357,21.3568,20.684,21.7711,21.3166,21.0268,21.5712,21.8587
312,2021-10-14,0.0,2021-10-14 00:00:00,0.0,0.0,0.0,0.0,0.0,0.0,0.0,0.0,0.0,21.2652,21.2849,21.2439,21.2243,21.3059,21.2051,21.2421,21.2827,21.3276
313,2021-10-14,0.0,2021-10-14 01:00:00,0.0,0.0,0.0,0.0,0.0,0.0,0.0,0.0,0.0,20.0763,20.1565,20.053,19.1462,20.5292,20.0037,19.7741,20.2878,20.7105
314,2021-10-14,0.0,2021-10-14 02:00:00,0.0,0.0,0.0,0.0,0.0,0.0,0.0,0.0,0.0,19.2077,19.2917,19.1481,18.4441,19.6538,19.0703,18.9189,19.4154,19.8268
315,2021-10-14,0.0,2021-10-14 03:00:00,0.0,0.0,0.0,0.0,0.0,0.0,0.0,0.0,0.0,19.1002,19.2263,19.0014,18.2762,19.5612,18.9334,18.7908,19.2602,19.7798
316,2021-10-14,0.0,2021-10-14 04:00:00,0.0,0.0,0.0,0.0,0.0,0.0,0.0,0.0,0.0,19.1486,19.3481,19.0146,18.1714,19.6036,18.9537,18.9269,19.2199,19.9296
317,2021-10-14,0.0,2021-10-14 05:00:00,0.0,0.0,0.0,0.0,0.0,0.0,0.0,0.0,0.0,19.2179,19.3883,19.0649,17.9139,19.6915,18.9523,18.9262,19.3821,19.9661
318,2021-10-14,0.0,2021-10-14 06:00:00,0.0,0.0,0.0,0.0,0.0,0.0,0.0,0.0,0.0,19.0948,19.3055,18.8245,17.7402,19.2631,18.8279,18.9532,18.892,19.3437
319,2021-10-14,0.0,2021-10-14 07:00:00,0.0,0.0,0.0,0.0,0.0,0.0,0.0,0.0,0.0,19.1615,19.4013,18.8833,17.4115,19.5877,18.7184,18.9247,19.1845,19.9445
320,2021-10-14,0.0,2021-10-14 08:00:00,0.0,0.0,0.0,0.0,0.0,0.0,0.0,0.0,0.0,19.2677,19.5417,18.8966,17.2888,19.1093,18.7242,18.9477,18.8189,19.2612
321,2021-10-14,0.0,2021-10-14 09:00:00,0.0,0.0,0.0,0.0,0.0,0.0,0.0,0.0,0.0,19.507,19.7461,19.1927,18.0703,19.8757,18.9857,19.1767,19.5306,20.0944
322,2021-10-14,0.0,2021-10-14 10:00:00,0.0,0.0,0.0,0.0,0.0,0.0,0.0,0.0,0.0,20.9068,21.2064,20.686,20.723,21.3751,20.6065,20.654,20.9887,21.7359
323,2021-10-14,0.0,2021-10-14 11:00:00,0.0,0.0,0.0,0.0,0.0,0.0,0.0,0.0,0.0,23.0938,23.0331,23.0024,23.1682,23.4323,23.1068,22.6015,23.1519,23.4816
324,2021-10-14,0.0,2021-10-14 12:00:00,0.0,0.0,0.0,0.0,0.0,0.0,0.0,0.0,0.0,25.2199,25.0249,25.1937,25.1717,25.4955,25.2714,24.6842,25.3036,25.5002
325,2021-10-14,0.0,2021-10-14 13:00:00,0.0,0.0,0.0,0.0,0.0,0.0,0.0,0.0,0.0,27.0293,26.8943,26.9533,26.8345,27.3429,27.0356,26.5603,27.1375,27.3916
326,2021-10-14,0.0,2021-10-14 14:00:00,0.0,0.0,0.0,0.0,0.0,0.0,0.0,0.0,0.0,28.6576,28.6933,28.7263,28.4439,29.0715,28.684,28.4268,28.881,29.1817
327,2021-10-14,0.0,2021-10-14 15:00:00,0.0,0.0,0.0,0.0,0.0,0.0,0.0,0.0,0.0,29.0185,29.1226,28.8409,28.5705,29.5522,28.7747,28.6082,29.1461,29.8257
328,2021-10-14,0.0,2021-10-14 16:00:00,0.0,0.0,0.0,0.0,0.0,0.0,0.0,0.0,0.0,29.3973,29.3767,29.3695,28.9524,29.9569,29.2351,28.9199,29.6776,30.0576
329,2021-10-14,0.0,2021-10-14 17:00:00,0.0,0.0,0.0,0.0,0.0,0.0,0.0,0.0,0.0,29.3536,29.354,29.3706,28.8542,29.9679,29.1677,28.8253,29.7007,30.0925
330,2021-10-14,0.0,2021-10-14 18:00:00,0.0,0.0,0.0,0.0,0.0,0.0,0.0,0.0,0.0,28.7789,28.8122,28.8005,28.3152,29.4298,28.5673,28.3947,29.1917,29.5177
331,2021-10-14,0.0,2021-10-14 19:00:00,0.0,0.0,0.0,0.0,0.0,0.0,0.0,0.0,0.0,27.605,27.7653,27.8367,27.0385,28.3152,27.5567,27.1659,28.2871,28.498
332,2021-10-14,0.0,2021-10-14 20:00:00,0.0,0.0,0.0,0.0,0.0,0.0,0.0,0.0,0.0,27.5104,27.4586,27.6526,26.9379,27.991,27.5981,27.0838,27.9076,28.0586
333,2021-10-14,0.0,2021-10-14 21:00:00,0.0,0.0,0.0,0.0,0.0,0.0,0.0,0.0,0.0,25.1874,25.2335,25.2456,24.4467,25.6638,25.2267,24.8739,25.4845,25.8271
334,2021-10-14,0.0,2021-10-14 22:00:00,0.0,0.0,0.0,0.0,0.0,0.0,0.0,0.0,0.0,24.5743,24.6346,24.5044,23.8707,25.0619,24.4583,24.2492,24.761,25.237
335,2021-10-14,0.0,2021-10-14 23:00:00,0.0,0.0,0.0,0.0,0.0,0.0,0.0,0.0,0.0,24.3666,24.4073,24.3067,23.7454,24.8211,24.2804,24.0301,24.569,24.9924
336,2021-10-15,0.0,2021-10-15 00:00:00,0.0,0.0,0.0,0.0,0.0,0.0,0.0,0.0,0.0,24.1778,24.2707,24.0827,24.1394,24.2155,24.0461,24.2305,24.1187,24.31
337,2021-10-15,0.0,2021-10-15 01:00:00,0.0,0.0,0.0,0.0,0.0,0.0,0.0,0.0,0.0,24.5388,24.2874,24.576,22.7418,24.8141,24.4064,23.9166,24.746,24.7463
338,2021-10-15,0.0,2021-10-15 02:00:00,0.0,0.0,0.0,0.0,0.0,0.0,0.0,0.0,0.0,23.5311,23.7508,23.3921,21.8678,23.9569,23.1966,23.3654,23.709,24.1051
339,2021-10-15,0.0,2021-10-15 03:00:00,0.0,0.0,0.0,0.0,0.0,0.0,0.0,0.0,0.0,23.1783,24.136,22.7242,21.8074,23.7904,22.258,23.237,23.3508,24.6577
340,2021-10-15,0.0,2021-10-15 04:00:00,0.0,0.0,0.0,0.0,0.0,0.0,0.0,0.0,0.0,22.7155,22.8921,22.5378,21.4464,22.8279,22.5456,22.8039,22.6289,23.069
341,2021-10-15,0.0,2021-10-15 05:00:00,0.0,0.0,0.0,0.0,0.0,0.0,0.0,0.0,0.0,22.7035,22.6743,22.5505,21.9751,22.6873,22.7549,22.941,22.4944,22.7943
342,2021-10-15,0.0,2021-10-15 06:00:00,1.00297e-11,6.33012e-14,1.32852e-07,1.99726e-09,2.99461e-11,1.81252e-07,3.96644e-12,2.61676e-08,0.0,23.2739,23.1862,23.0904,22.3078,23.4796,23.264,22.9374,23.1379,23.4722
343,2021-10-15,0.0,2021-10-15 07:00:00,1.0036e-11,6.33012e-14,1.32855e-07,3.46096e-09,2.99461e-11,2.21561e-07,4.69526e-12,2.6168e-08,0.0,22.4185,22.4146,22.2609,21.7417,22.7913,22.2943,22.0802,22.4889,22.8743
344,2021-10-15,0.0,2021-10-15 08:00:00,1.0036e-11,6.33012e-14,1.32855e-07,3.46096e-09,2.99461e-11,2.21561e-07,4.69526e-12,2.6168e-08,0.0,21.8842,21.8155,21.8396,20.979,22.2107,21.9412,21.4865,21.9819,22.2484
345,2021-10-15,0.0,2021-10-15 09:00:00,6.22419e-15,0.0,2.17426e-12,1.4637e-09,0.0,4.03089e-08,7.28822e-13,4.22773e-13,0.0,22.446,22.3425,22.4202,21.9767,22.7711,22.5366,22.0301,22.5583,22.7715
346,2021-10-15,0.0,2021-10-15 10:00:00,0.0,0.0,0.0,0.0,0.0,0.0,0.0,0.0,0.0,23.1471,23.1185,23.1597,23.0843,23.4369,23.2227,22.806,23.3102,23.4681
347,2021-10-15,0.0,2021-10-15 11:00:00,0.0,0.0,0.0,0.0,0.0,0.0,0.0,0.0,0.0,24.7264,24.5513,24.4319,24.9345,24.9707,24.551,24.2302,24.5211,25.0403
348,2021-10-15,0.0,2021-10-15 12:00:00,0.0,0.0,0.0,0.0,0.0,0.0,0.0,0.0,0.0,25.1765,25.3141,24.9077,25.4909,25.3877,24.9754,25.4183,25.1194,25.4882
349,2021-10-15,0.0,2021-10-15 13:00:00,0.0,0.0,0.0,0.0,0.0,0.0,0.0,0.0,0.0,26.6141,26.6218,26.6812,26.9291,27.0359,26.7552,26.3426,27.1557,26.8992
350,2021-10-15,0.0,2021-10-15 14:00:00,0.0,0.0,0.0,0.0,0.0,0.0,0.0,0.0,0.0,30.9868,30.8441,30.9505,30.9095,31.2293,31.0096,30.5615,31.071,31.2643
351,2021-10-15,0.0,2021-10-15 15:00:00,0.0,0.0,0.0,0.0,0.0,0.0,0.0,0.0,0.0,33.467,33.2932,33.4323,33.2882,33.7339,33.4854,32.9936,33.5406,33.7858
352,2021-10-15,0.0,2021-10-15 16:00:00,0.0,0.0,0.0,0.0,0.0,0.0,0.0,0.0,0.0,34.5799,34.4763,34.5938,34.4562,34.9003,34.6019,34.2664,34.6264,34.9724
353,2021-10-15,0.0,2021-10-15 17:00:00,0.0,0.0,0.0,0.0,0.0,0.0,0.0,0.0,0.0,33.2195,33.4192,33.0115,32.6664,33.8894,32.8572,32.8146,33.3355,34.1284
354,2021-10-15,0.0,2021-10-15 18:00:00,0.0,0.0,0.0,0.0,0.0,0.0,0.0,0.0,0.0,33.212,33.3893,33.2644,33.0067,33.605,33.2672,33.0942,33.4373,33.8361
355,2021-10-15,0.0,2021-10-15 19:00:00,0.0,0.0,0.0,0.0,0.0,0.0,0.0,0.0,0.0,32.3093,32.3283,32.4719,31.9137,32.8545,32.3214,31.949,32.7792,32.933
356,2021-10-15,0.0,2021-10-15 20:00:00,0.0,0.0,0.0,0.0,0.0,0.0,0.0,0.0,0.0,32.2731,32.7659,32.3541,31.991,32.7845,32.2127,32.4034,32.6384,33.2675
357,2021-10-15,0.0,2021-10-15 21:00:00,0.0,0.0,0.0,0.0,0.0,0.0,0.0,0.0,0.0,31.5753,31.4798,31.5117,29.8571,32.0116,31.3678,31.1287,31.8366,32.0218
358,2021-10-15,0.0,2021-10-15 22:00:00,0.0,0.0,0.0,0.0,0.0,0.0,0.0,0.0,0.0,30.0801,30.1244,29.8796,28.753,30.6373,29.693,29.7437,30.2556,30.8004
359,2021-10-15,0.0,2021-10-15 23:00:00,0.0,0.0,0.0,0.0,0.0,0.0,0.0,0.0,0.0,29.6187,29.6961,29.3849,27.8418,30.1629,29.1831,29.1628,29.7196,30.3326
360,2021-10-16,0.0,2021-10-16 00:00:00,0.0,0.0,0.0,0.0,0.0,0.0,0.0,0.0,0.0,24.6583,24.6957,24.6185,24.6121,24.7056,24.5739,24.648,24.6641,24.7448
361,2021-10-16,0.0,2021-10-16 01:00:00,0.0,0.0,0.0,0.0,0.0,0.0,0.0,0.0,0.0,24.6089,24.477,24.5089,23.3347,24.8269,24.6526,24.4618,24.5456,24.8021
362,2021-10-16,0.0,2021-10-16 02:00:00,0.0,0.0,0.0,0.0,0.0,0.0,0.0,0.0,0.0,24.1286,23.9799,23.9279,22.6599,24.3733,23.6736,23.8357,24.1758,24.3447
363,2021-10-16,0.0,2021-10-16 03:00:00,0.0,0.0,0.0,0.0,0.0,0.0,0.0,0.0,0.0,23.7519,23.673,23.7287,23.0207,24.0122,23.7417,23.4984,23.8282,24.0643
364,2021-10-16,0.0,2021-10-16 04:00:00,0.0,0.0,0.0,0.0,0.0,0.0,0.0,0.0,0.0,23.4499,23.483,23.321,22.3138,23.6344,23.2626,23.3322,23.4825,23.7022
365,2021-10-16,0.0,2021-10-16 05:00:00,0.0,0.0,0.0,0.0,0.0,0.0,0.0,0.0,0.0,22.9939,23.2484,22.8429,21.894,23.396,22.7982,22.7772,23.1711,23.7092
366,2021-10-16,0.0,2021-10-16 06:00:00,0.0,0.0,0.0,0.0,0.0,0.0,0.0,0.0,0.0,22.773,22.7191,22.571,21.5268,23.107,22.6332,22.3644,22.7187,23.1784
367,2021-10-16,0.0,2021-10-16 07:00:00,0.0,0.0,0.0,0.0,0.0,0.0,0.0,0.0,0.0,22.471,22.39,22.3974,21.5843,22.7552,22.3633,22.0219,22.5218,22.8067
368,2021-10-16,0.0,2021-10-16 08:00:00,0.0,0.0,0.0,0.0,0.0,0.0,0.0,0.0,0.0,22.0756,22.0261,21.9923,21.3079,22.3958,21.9813,21.6739,22.1594,22.4484
369,2021-10-16,0.0,2021-10-16 09:00:00,0.0,0.0,0.0,0.0,0.0,0.0,0.0,0.0,0.0,22.0468,21.9353,22.0361,21.6436,22.3138,22.0719,21.6797,22.1323,22.3427
370,2021-10-16,0.0,2021-10-16 10:00:00,0.000874704,1.14081e-05,0.00231,1.4853e-05,0.003516,0.00011453,1.66778e-09,0.00710191,0.000132261,23.4071,23.2822,23.4164,23.5509,23.6456,23.5421,23.1378,23.5432,23.6395
371,2021-10-16,0.0,2021-10-16 11:00:00,0.810374,0.899857,0.730183,0.846839,0.745732,0.750217,0.955779,0.681788,0.816982,23.7832,23.7239,23.6064,23.6436,23.5747,23.9892,23.6876,23.378,23.7285
372,2021-10-16,0.0,2021-10-16 12:00:00,0.810374,0.899857,0.730183,0.846839,0.745732,0.750217,0.955779,0.681788,0.816982,25.0695,24.9981,24.7698,24.6854,25.4393,24.634,24.6509,25.0712,25.3669
373,2021-10-16,0.0,2021-10-16 13:00:00,0.809499,0.899846,0.727873,0.846825,0.742216,0.750103,0.955779,0.674686,0.81685,26.9906,26.9659,26.901,27.1237,26.9746,27.1617,26.8232,26.7055,27.1473
374,2021-10-16,0.0,2021-10-16 14:00:00,0.0,0.0,0.0,0.0,0.0,0.0,0.0,0.0,0.0,27.5697,27.5398,27.6419,27.8119,27.4073,28.0982,27.6832,27.3563,27.4822
375,2021-10-16,0.0,2021-10-16 15:00:00,0.0,0.0,0.0,0.0,0.0,0.0,0.0,0.0,0.0,27.6025,27.5845,27.5871,27.4455,27.8183,27.8374,27.7533,27.5543,27.9657
376,2021-10-16,0.0,2021-10-16 16:00:00,1.19209e-06,0.0,0.00232166,1.07288e-06,9.53674e-07,0.00549918,8.34465e-07,0.00112051,0.0,29.2473,29.3815,28.8107,28.9982,29.4905,28.849,29.2143,28.9081,29.5924
377,2021-10-16,0.0,2021-10-16 17:00:00,1.19209e-06,0.0,0.00232184,1.07288e-06,9.53674e-07,0.00595868,8.34465e-07,0.00112051,0.0,27.9678,27.902,27.9337,27.3506,28.5197,27.3113,27.5998,28.0837,28.2041
378,2021-10-16,0.0,2021-10-16 18:00:00,1.19209e-06,5.96046e-07,0.00232184,1.07288e-06,9.53674e-07,0.00595868,1.84774e-06,0.00112051,5.36442e-07,26.2177,26.2265,26.0215,25.8586,26.4297,25.8581,26.1128,26.1663,26.4484
379,2021-10-16,0.0,2021-10-16 19:00:00,0.12804,0.285589,0.0153078,0.206569,0.0718291,0.0177582,0.348554,0.0134117,0.213168,24.6078,24.6281,24.4696,24.073,24.8378,24.5522,24.4099,24.4992,24.9162
380,2021-10-16,0.0,2021-10-16 20:00:00,0.129532,0.288498,0.0154642,0.210865,0.0734456,0.0183191,0.35387,0.0137603,0.214651,24.9168,24.9286,24.7567,24.7088,25.2881,24.6848,24.8379,24.941,25.3738
381,2021-10-16,0.0,2021-10-16 21:00:00,0.129532,0.288497,0.0154642,0.210865,0.0734456,0.0183191,0.353869,0.0137603,0.21465,24.4276,24.4707,24.215,23.065,24.8688,24.2135,24.1814,24.4553,24.9998
382,2021-10-16,0.0,2021-10-16 22:00:00,0.00149119,0.00290859,0.000156581,0.00429547,0.00161642,0.00102043,0.00531554,0.000348628,0.00148237,24.2074,24.2637,23.9258,22.4849,24.588,23.8983,24.0167,24.1589,24.7204
383,2021-10-16,0.0,2021-10-16 23:00:00,0.204355,0.48747,0.0195012,0.174471,0.170572,0.0366283,0.277619,0.0146462,0.650809,23.5252,23.2298,23.5285,22.5884,23.9822,23.5344,23.0672,23.7112,23.7097
384,2021-10-17,0.0,2021-10-17 00:00:00,0.0,0.0,0.0,0.0,0.0,0.0,0.0,0.0,0.0,22.5647,22.569,22.5585,22.5578,22.5715,22.5522,22.5616,22.5648,22.5762
385,2021-10-17,0.0,2021-10-17 01:00:00,0.0,0.0,0.0,0.0,0.0,0.0,0.0,0.0,0.0,22.1095,21.9753,22.0871,21.8202,22.3808,22.1432,21.7531,22.2038,22.4101
386,2021-10-17,2.0,2021-10-17 02:00:00,0.0,0.0,0.0,0.0,0.0,0.0,0.0,0.0,0.0,21.9106,21.809,21.8408,21.1278,22.134,21.8796,21.6125,22.025,22.1989
387,2021-10-17,2.0,2021-10-17 03:00:00,0.626534,0.610144,0.503122,0.382494,0.67322,0.336063,0.469981,0.495966,0.519983,21.6532,21.5248,21.6506,21.351,21.9396,21.7001,21.3023,21.792,21.9654
388,2021-10-17,0.0,2021-10-17 04:00:00,1.4657,1.39867,1.35627,0.872439,1.73475,0.835376,0.988971,1.53361,1.4368,21.3504,21.2273,21.3852,21.1452,21.643,21.4612,20.9975,21.5104,21.6947
389,2021-10-17,0.0,2021-10-17 05:00:00,2.78176,2.7085,2.61755,2.36517,2.61596,2.27658,2.55833,2.27207,2.25199,21.2349,21.1415,21.1599,20.9664,21.5302,21.2147,20.8754,21.2899,21.5728
390,2021-10-17,1.0,2021-10-17 06:00:00,5.87333,6.14388,5.40465,6.38785,4.03054,5.0271,6.92793,4.58958,3.60808,20.8732,20.7529,20.8405,20.6042,21.1951,20.8922,20.5022,20.9942,21.2186
391,2021-10-17,0.0,2021-10-17 07:00:00,7.07475,6.87558,6.66211,7.41185,5.59271,5.99204,8.07419,6.33434,4.20091,20.8274,20.7259,20.7906,20.5472,21.1154,20.8365,20.5059,20.9344,21.1506
392,2021-10-17,0.0,2021-10-17 08:00:00,7.25152,6.92686,7.34321,7.08656,6.60925,5.91878,7.80525,8.07953,4.78791,20.6307,20.5105,20.7151,20.4678,20.8959,20.7989,20.3873,20.8076,20.907
393,2021-10-17,0.0,2021-10-17 09:00:00,3.54182,2.88781,4.0605,2.69794,4.52477,2.84819,2.97634,5.2674,2.91546,20.9828,20.8828,20.8712,20.7455,21.2986,20.9198,20.6391,21.0303,21.33
394,2021-10-17,0.0,2021-10-17 10:00:00,1.57189,1.43741,2.0321,1.28119,2.00307,1.4717,1.37161,2.52704,1.5132,21.0135,20.9602,20.9216,20.8395,21.3285,21.0583,20.6939,21.0494,21.4206
395,2021-10-17,0.0,2021-10-17 11:00:00,0.402669,0.607281,0.332239,0.469338,0.789698,0.442355,0.507492,0.47388,0.886809,21.0812,20.9243,21.1077,21.0128,21.2314,21.2107,20.7859,21.1303,21.2256
396,2021-10-17,0.0,2021-10-17 12:00:00,0.68629,1.27612,0.480975,0.604795,1.02876,0.511068,0.93153,0.673248,1.40008,21.3175,21.2363,21.2618,21.088,21.6125,21.3041,20.9635,21.3941,21.6144
397,2021-10-17,0.0,2021-10-17 13:00:00,0.715361,1.35127,0.430905,0.537898,0.974894,0.426088,0.976844,0.674089,1.35423,21.6115,21.3553,21.5936,21.4004,21.881,21.5688,21.1248,21.6729,21.8901
398,2021-10-17,0.0,2021-10-17 14:00:00,0.391543,0.837321,0.188291,0.180689,0.290865,0.0875978,0.560548,0.243584,0.578804,21.8347,21.7581,21.7325,21.589,22.1069,21.6821,21.4818,21.8661,22.1493
399,2021-10-17,0.0,2021-10-17 15:00:00,0.0997953,0.16275,0.0322199,0.0304661,0.0485058,0.00300312,0.127061,0.0428791,0.0619564,21.8694,21.8084,21.7844,21.6432,22.206,21.8165,21.4845,21.9518,22.2859
400,2021-10-17,0.0,2021-10-17 16:00:00,4.76837e-05,0.0176325,6.10352e-05,0.000130653,0.000370026,0.000118256,0.020134,0.0,0.000419617,22.0028,21.9622,21.8912,21.7647,22.3203,21.9225,21.631,22.0621,22.405
401,2021-10-17,0.0,2021-10-17 17:00:00,0.0,0.0,0.0,0.0,0.0,0.0,0.0,0.0,0.0,22.3484,22.3029,22.2032,22.1423,22.6115,22.2836,22.0214,22.3623,22.6956
402,2021-10-17,0.0,2021-10-17 18:00:00,0.0,0.0,0.0,0.0,0.0,0.0,0.0,0.0,0.0,22.0699,22.0376,21.9483,21.9323,22.2499,22.1004,21.8239,21.9935,22.3496
403,2021-10-17,0.0,2021-10-17 19:00:00,0.0,0.0,0.0,0.0,0.0,0.0,0.0,0.0,0.0,21.8226,21.7761,21.7305,21.6305,22.0625,21.8906,21.531,21.8079,22.1555
404,2021-10-17,0.0,2021-10-17 20:00:00,0.360367,0.397765,0.292795,0.458317,0.14612,0.478663,0.396089,0.0826159,0.252341,21.4233,21.3189,21.3906,20.9769,21.75,21.4138,20.9702,21.5047,21.7663
405,2021-10-17,0.0,2021-10-17 21:00:00,0.643513,0.851735,0.422183,0.722648,0.374403,0.593978,0.968641,0.198932,0.62634,21.2576,21.1019,21.2653,20.7271,21.6301,21.2821,20.7554,21.4142,21.6344
406,2021-10-17,0.0,2021-10-17 22:00:00,0.709693,0.93566,0.450556,0.778748,0.429262,0.619607,1.0152,0.220117,0.744778,21.087,20.9775,21.1586,20.5807,21.4933,21.1581,20.6717,21.3088,21.4977
407,2021-10-17,0.0,2021-10-17 23:00:00,0.360667,0.549242,0.161581,0.326585,0.288863,0.143203,0.62218,0.139497,0.501228,21.0962,20.9595,21.1321,20.6248,21.4872,21.1501,20.6205,21.2734,21.4935
408,2021-10-18,0.0,2021-10-18 00:00:00,0.0,0.0,0.0,0.0,0.0,0.0,0.0,0.0,0.0,21.024,21.0189,21.0275,21.0306,21.0163,21.0344,21.0253,21.0196,21.0114
409,2021-10-18,0.0,2021-10-18 01:00:00,0.0,0.0,0.0,0.0,0.0,0.0,0.0,0.0,0.0,20.0215,20.0255,20.2038,18.463,20.3956,20.1841,19.684,20.3826,20.4998
410,2021-10-18,0.0,2021-10-18 02:00:00,0.0,0.0,0.0,0.0,0.0,0.0,0.0,0.0,0.0,19.5616,19.8915,19.6499,18.1255,20.0248,19.6089,19.5601,19.935,20.3645
411,2021-10-18,0.0,2021-10-18 03:00:00,0.0,0.0,0.0,0.0,0.0,0.0,0.0,0.0,0.0,19.7568,19.8869,19.9714,17.9519,20.1631,19.8331,19.6041,20.1881,20.3177
412,2021-10-18,0.0,2021-10-18 04:00:00,0.0,4.69936e-13,6.05207e-12,1.08271e-11,0.0,1.29244e-10,4.4072e-12,0.0,0.0,19.9425,20.0155,20.0545,19.4638,20.3385,20.032,19.7217,20.2672,20.4631
413,2021-10-18,0.0,2021-10-18 05:00:00,0.0,6.8505e-12,6.05207e-12,1.13204e-11,0.0,1.3088e-10,2.77438e-11,0.0,0.0,19.9779,19.9269,20.1199,19.4933,20.408,20.0915,19.614,20.3094,20.4418
414,2021-10-18,0.0,2021-10-18 06:00:00,0.0,6.8505e-12,6.05207e-12,1.13204e-11,0.0,1.3088e-10,2.77438e-11,0.0,0.0,19.8167,19.8416,19.9226,19.3903,20.2298,19.8967,19.5493,20.1407,20.3357
415,2021-10-18,0.0,2021-10-18 07:00:00,0.0,6.38056e-12,0.0,4.93319e-13,0.0,1.63575e-12,2.33366e-11,0.0,0.0,19.8853,19.8343,19.9781,19.4343,20.3062,19.9643,19.5147,20.1608,20.347
416,2021-10-18,0.0,2021-10-18 08:00:00,0.0010983,0.000855524,0.000468297,0.00451593,5.99696e-05,0.0017143,0.00336111,2.07266e-05,5.16158e-05,19.8292,19.7576,19.9942,19.4283,20.2515,19.9775,19.4521,20.1825,20.2734
417,2021-10-18,0.0,2021-10-18 09:00:00,0.00111429,0.000871186,0.00047325,0.00453399,6.30763e-05,0.00171903,0.00337888,2.14783e-05,5.42073e-05,19.8664,19.866,19.9764,19.5101,20.2628,19.9649,19.5804,20.1678,20.3616
418,2021-10-18,0.0,2021-10-18 10:00:00,0.00116834,0.0011977,0.000473257,0.00467253,6.46084e-05,0.00172591,0.00422712,2.14869e-05,7.58259e-05,20.0828,20.078,20.0911,19.873,20.4401,20.1005,19.8031,20.2715,20.5621
419,2021-10-18,0.0,2021-10-18 11:00:00,0.00166457,0.000616589,0.00194683,0.00198915,0.000379852,0.00247766,0.00115694,0.000447674,6.0144e-05,20.3586,20.3004,20.3865,20.2271,20.7205,20.4116,20.0236,20.559,20.7938
420,2021-10-18,0.0,2021-10-18 12:00:00,0.00164859,0.000600927,0.00194188,0.00197109,0.000376745,0.00247292,0.00113917,0.000446924,5.75525e-05,20.6778,20.6179,20.6678,20.5857,21.0264,20.6965,20.3449,20.8338,21.0967
421,2021-10-18,0.0,2021-10-18 13:00:00,0.00159454,0.000274476,0.00233562,0.00183255,0.000375215,0.00283239,0.000290992,0.000570835,3.59589e-05,20.7951,20.7629,20.7791,20.699,21.1464,20.8061,20.5016,20.9518,21.2361
422,2021-10-18,0.0,2021-10-18 14:00:00,3.72529e-09,6.69388e-08,0.000393752,1.86265e-09,1.33878e-09,0.000366334,5.96046e-08,0.000123922,2.49929e-08,21.5293,21.4945,21.4664,21.5512,21.8427,21.5012,21.2467,21.6371,21.9307
423,2021-10-18,0.0,2021-10-18 15:00:00,5.82859e-05,0.00286151,0.000393852,0.000294163,2.35325e-06,0.000366409,0.00385603,0.000124097,0.00231306,22.0173,21.9715,21.976,21.9641,22.4029,22.0207,21.6613,22.1425,22.5163
424,2021-10-18,0.0,2021-10-18 16:00:00,0.0245187,0.0321612,0.00686489,0.0144383,0.0146293,3.13795e-05,0.0692626,0.0136532,0.00803748,22.136,22.0652,22.134,21.9366,22.5747,22.0982,21.712,22.3572,22.6409
425,2021-10-18,0.0,2021-10-18 17:00:00,0.0245188,0.033983,0.00686494,0.0144385,0.0146353,3.14224e-05,0.0702851,0.0136533,0.00888417,22.3604,22.2425,22.3898,21.9508,22.8391,22.1981,21.4794,22.6214,22.9279
426,2021-10-18,2.0,2021-10-18 18:00:00,0.0244605,0.0311215,0.00686484,0.0141443,0.014633,3.13474e-05,0.0664291,0.0136531,0.00657113,22.4859,22.4998,22.4074,22.2903,22.9276,22.3523,22.0944,22.6591,23.0967
427,2021-10-18,2.0,2021-10-18 19:00:00,3.53903e-08,0.00182174,4.65661e-08,2.16067e-07,6.01448e-06,4.28408e-08,0.00102248,6.61239e-08,0.000846689,22.147,22.0935,22.1367,21.6972,22.4171,21.9757,21.463,22.1714,22.6182
428,2021-10-18,1.0,2021-10-18 20:00:00,0.0,0.0,0.0,0.0,0.0,0.0,0.0,0.0,0.0,21.5712,21.5545,21.5819,21.2489,21.9843,21.5364,21.1341,21.6309,22.1234
429,2021-10-18,1.0,2021-10-18 21:00:00,0.0,0.0,0.0,0.0,0.0,0.0,0.0,0.0,0.0,20.9591,20.9533,21.0086,20.5167,21.3651,20.9774,20.5828,21.1686,21.4911
430,2021-10-18,1.0,2021-10-18 22:00:00,0.000826806,0.00327731,0.00487009,0.00171699,0.00284045,8.03247e-05,0.00636189,0.0245472,0.000744038,20.889,20.8835,20.9224,20.5414,21.2769,20.9137,20.5354,21.0767,21.4085
431,2021-10-18,1.0,2021-10-18 23:00:00,9.16811,8.61182,10.3724,7.75639,10.7268,9.10448,7.03002,11.0884,10.1707,20.4142,20.287,20.4498,20.1585,20.6746,20.5312,19.9936,20.5471,20.6804
432,2021-10-19,0.0,2021-10-19 00:00:00,22.5162,24.3166,20.6101,20.8651,23.991,19.8998,21.9486,20.9668,25.5259,20.3837,20.2989,20.402,20.0233,20.7657,20.4229,19.9514,20.5365,20.8228
433,2021-10-19,0.0,2021-10-19 01:00:00,23.1861,25.0884,21.2612,21.7577,24.47,20.7665,22.8752,21.4579,26.1145,19.4498,19.3655,19.4212,19.0554,19.8321,19.4567,19.004,19.5547,19.923
434,2021-10-19,0.0,2021-10-19 02:00:00,14.0634,16.5567,10.947,14.0477,13.7886,11.7317,15.9135,10.4366,16.024,19.0941,18.9551,19.2323,18.6418,19.5328,19.1987,18.625,19.4265,19.5039
435,2021-10-19,0.0,2021-10-19 03:00:00,0.960932,1.16302,0.919552,1.16702,0.777483,1.1356,1.28977,0.77685,0.970543,18.9749,18.8646,19.134,18.5279,19.4313,19.0934,18.5448,19.338,19.4177
436,2021-10-19,0.0,2021-10-19 04:00:00,0.291126,0.38965,0.264036,0.274061,0.296099,0.269594,0.359087,0.261478,0.382378,19.126,18.9809,19.2585,18.7527,19.4805,19.2307,18.7494,19.418,19.5027
437,2021-10-19,0.0,2021-10-19 05:00:00,0.246531,0.312822,0.210783,0.229456,0.253542,0.200085,0.297195,0.21903,0.302889,19.1155,19.0109,19.2632,18.7549,19.5327,19.2412,18.7534,19.4494,19.5552
438,2021-10-19,0.0,2021-10-19 06:00:00,0.0461311,0.0570507,0.0377159,0.0350056,0.0459118,0.0279598,0.0506382,0.0420818,0.0492458,19.081,19.1098,19.1832,18.722,19.485,19.173,18.8156,19.3879,19.6332
439,2021-10-19,0.0,2021-10-19 07:00:00,0.0785923,0.115774,0.0393925,0.0464363,0.0741444,0.0271034,0.0937252,0.0480404,0.0856934,19.3099,19.3807,19.3034,18.8932,19.6998,19.2931,19.0896,19.4963,19.8981
440,2021-10-19,0.0,2021-10-19 08:00:00,0.168612,0.145445,0.169418,0.148268,0.133303,0.158495,0.130112,0.173223,0.100412,19.3271,19.4584,19.2712,18.9902,19.7279,19.2616,19.1734,19.4632,19.9895
441,2021-10-19,0.0,2021-10-19 09:00:00,1.29288,1.12142,1.35737,1.50004,0.922455,1.36198,1.4516,1.24036,0.686041,19.1611,19.2154,19.1781,18.8785,19.5428,19.1953,18.9052,19.3501,19.7126
442,2021-10-19,0.0,2021-10-19 10:00:00,2.90367,2.11558,3.36222,3.1084,2.20656,3.39596,2.69495,2.91442,1.30315,19.1957,19.2205,19.3361,18.9423,19.5754,19.3257,18.9472,19.5262,19.6893
443,2021-10-19,0.0,2021-10-19 11:00:00,4.53045,3.66766,4.78671,4.71821,3.64443,4.74852,4.46386,4.29309,2.47103,19.3971,19.2999,19.494,19.1012,19.7937,19.4911,18.9863,19.6698,19.8156
444,2021-10-19,0.0,2021-10-19 12:00:00,4.08666,3.41267,4.0143,3.74173,3.65659,3.74829,3.82393,3.85921,2.49855,19.4326,19.3591,19.5781,19.1665,19.8212,19.5587,19.0582,19.7683,19.8738
445,2021-10-19,0.0,2021-10-19 13:00:00,2.80289,3.00569,2.06486,2.49808,2.65212,1.77927,3.21402,2.24241,2.36398,19.6151,19.4456,19.67,19.3199,20.0141,19.6991,19.123,19.8148,19.9903
446,2021-10-19,0.0,2021-10-19 14:00:00,1.09414,1.5769,0.522675,0.788719,1.17962,0.312931,1.49749,0.749743,1.30469,19.7556,19.6568,19.716,19.5117,20.1283,19.755,19.3248,19.8501,20.1953
447,2021-10-19,0.0,2021-10-19 15:00:00,0.516253,1.11717,0.147541,0.425705,0.548496,0.136202,0.910366,0.198326,0.962097,19.4326,19.3258,19.4238,19.1311,19.8218,19.451,19.02,19.5922,19.8395
448,2021-10-19,0.0,2021-10-19 16:00:00,1.04429,1.62761,0.963169,0.998137,1.03577,1.07376,1.41865,0.917101,1.46232,19.079,18.9378,19.0915,18.7161,19.4536,19.1512,18.6234,19.2304,19.462
449,2021-10-19,0.0,2021-10-19 17:00:00,1.60145,2.14358,1.41054,1.54644,1.56247,1.57718,1.9427,1.30565,2.03222,18.7157,18.5661,18.7361,18.2594,19.1274,18.7389,18.2185,18.8971,19.1392
450,2021-10-19,0.0,2021-10-19 18:00:00,2.04782,2.84129,1.77527,2.05231,2.02537,1.92858,2.7602,1.75945,2.70629,18.6109,18.5195,18.5344,18.2146,18.9534,18.575,18.1791,18.6776,19.0529
451,2021-10-19,0.0,2021-10-19 19:00:00,2.35698,2.39717,2.7874,2.24691,2.46157,2.93661,2.23115,2.73801,2.40717,18.6031,18.5087,18.5789,18.175,19.0002,18.5963,18.1735,18.7505,19.0445
452,2021-10-19,1.0,2021-10-19 20:00:00,2.86703,3.02876,3.73521,2.56325,3.11188,3.72901,2.74254,3.58615,3.10133,18.5918,18.5687,18.5197,18.2693,18.9153,18.586,18.2597,18.6795,19.008
453,2021-10-19,1.0,2021-10-19 21:00:00,3.44665,3.65105,4.61476,3.27497,3.36063,5.0605,3.1045,3.9713,3.77182,18.5277,18.4471,18.5261,18.1395,18.9089,18.5364,18.1302,18.6985,18.9596
454,2021-10-19,1.0,2021-10-19 22:00:00,2.4315,3.08817,3.0255,2.39011,2.24591,3.43741,2.60046,2.44605,3.2131,18.3397,18.2397,18.3273,17.9159,18.72,18.3639,17.9153,18.4871,18.7694
455,2021-10-19,0.0,2021-10-19 23:00:00,1.61499,2.0693,1.85401,1.8653,1.2033,2.45421,1.82941,1.34195,1.99963,18.1329,18.0214,18.115,17.6907,18.4999,18.1637,17.6905,18.2563,18.552
456,2021-10-20,1.0,2021-10-20 00:00:00,0.0,0.0,0.0,0.0,0.0,0.0,0.0,0.0,0.0,18.9948,18.941,19.0469,19.0133,18.9748,19.0667,18.9584,19.0257,18.9222
457,2021-10-20,1.0,2021-10-20 01:00:00,0.0,0.0,0.0,0.0,0.0,0.0,0.0,0.0,0.0,18.2233,18.1404,18.3998,17.3781,18.6873,18.425,17.8265,18.4813,18.6488
458,2021-10-20,1.0,2021-10-20 02:00:00,0.0,0.0,0.0,0.0,0.0,0.0,0.0,0.0,0.0,18.1187,18.0055,18.1896,17.6041,18.4731,18.2263,17.7256,18.3219,18.485
459,2021-10-20,1.0,2021-10-20 03:00:00,3.02489,2.83955,3.06397,2.54261,3.22298,3.15069,2.66862,2.67046,3.21736,17.6511,17.5684,17.6742,17.2316,18.066,17.6623,17.2556,17.8666,18.0904
460,2021-10-20,2.0,2021-10-20 04:00:00,6.57345,6.74417,5.8472,6.2896,6.13501,6.59874,5.88848,5.1727,6.89047,17.5008,17.3938,17.5003,17.0439,17.8745,17.5383,17.0789,17.6455,17.9151
461,2021-10-20,3.0,2021-10-20 05:00:00,6.17796,6.45662,5.3167,6.00024,5.62822,6.17439,5.59246,4.64996,6.56932,17.2224,17.0941,17.256,16.7057,17.6043,17.3038,16.7701,17.3843,17.6225
462,2021-10-20,3.0,2021-10-20 06:00:00,7.33595,7.69296,6.63833,7.06629,7.12552,7.03029,6.59493,6.58838,7.78784,16.281,16.0916,16.3237,15.8117,16.6647,16.3581,15.7634,16.4798,16.604
463,2021-10-20,2.0,2021-10-20 07:00:00,6.66361,7.0307,6.50641,6.05652,7.11662,6.2836,6.51228,6.67658,7.29635,16.4343,16.2589,16.4896,16.0029,16.7699,16.5516,15.9577,16.6024,16.7478
464,2021-10-20,4.0,2021-10-20 08:00:00,8.98575,9.68455,8.59513,8.42029,9.38204,8.45567,9.22773,8.70872,9.81133,16.3384,16.244,16.3166,15.9212,16.7173,16.3507,15.9059,16.4645,16.7773
465,2021-10-20,4.0,2021-10-20 09:00:00,7.42983,8.2344,6.80589,7.31262,7.29806,6.96094,8.16054,6.62394,7.9187,16.4808,16.3566,16.4584,16.1061,16.8023,16.5384,16.046,16.5621,16.8475
466,2021-10-20,1.0,2021-10-20 10:00:00,5.42519,6.22383,4.82652,5.71967,5.11303,5.08228,6.5309,4.71451,5.68243,16.0354,15.9524,16.4332,15.5519,16.6309,16.216,15.5797,16.763,16.5181
467,2021-10-20,0.0,2021-10-20 11:00:00,4.22522,4.52489,3.83876,4.35495,3.96969,4.0439,4.63994,3.70713,4.23705,16.1722,16.1704,16.2873,15.787,16.6295,16.1817,15.8022,16.5713,16.7
468,2021-10-20,2.0,2021-10-20 12:00:00,3.09725,2.80521,3.19474,3.0144,3.02237,3.41526,2.8264,2.91813,2.76022,16.413,16.4106,16.4419,16.0935,16.815,16.4151,15.9826,16.6187,16.9636
469,2021-10-20,1.0,2021-10-20 13:00:00,2.58788,1.98468,2.84586,2.24701,2.64064,2.9109,1.75801,2.56491,2.18446,16.948,16.8959,16.9884,16.5539,17.3569,16.9647,16.5426,17.1962,17.3993
470,2021-10-20,1.0,2021-10-20 14:00:00,2.45479,2.0949,2.60975,2.35717,2.37341,2.72396,2.11906,2.31549,2.03373,16.9434,16.9504,16.9736,16.6322,17.3333,16.9725,16.6259,17.154,17.4351
471,2021-10-20,0.0,2021-10-20 15:00:00,3.22726,3.27075,3.03549,3.50813,3.01606,3.1912,3.57622,2.89646,3.07943,16.8778,16.9716,17.0474,16.595,17.3085,17.0469,16.6848,17.2841,17.432
472,2021-10-20,0.0,2021-10-20 16:00:00,4.09325,4.43109,3.66483,4.49051,3.77858,3.91785,4.82898,3.43222,4.16329,17.1013,17.1211,17.0204,16.719,17.4947,16.9883,16.8098,17.2678,17.4917
473,2021-10-20,0.0,2021-10-20 17:00:00,6.50106,6.61423,6.42341,7.05757,6.39841,6.68809,7.24529,6.30932,6.51729,16.9193,16.8987,16.9601,16.6647,17.1925,17.075,16.5931,17.0104,17.327
474,2021-10-20,0.0,2021-10-20 18:00:00,5.60878,5.79419,5.64255,6.02348,5.59807,5.81382,6.35047,5.51985,5.74154,16.8105,16.8384,17.1183,16.3573,17.3557,17.0021,16.4722,17.4124,17.4177
475,2021-10-20,0.0,2021-10-20 19:00:00,4.42786,4.29063,4.75068,4.70489,4.55015,4.81484,4.71587,4.73429,4.35989,17.418,17.6013,17.4801,17.0253,17.8939,17.4359,17.2871,17.743,18.0964
476,2021-10-20,0.0,2021-10-20 20:00:00,1.08402,1.08166,1.16569,1.08887,1.09291,1.14848,1.18764,1.07782,1.07775,16.964,17.1247,17.1633,16.4022,17.4398,17.0896,16.8,17.424,17.6435
477,2021-10-20,0.0,2021-10-20 21:00:00,1.36578,1.55351,1.1733,1.50233,1.18725,1.3056,1.68028,1.01984,1.36881,16.8235,16.8108,16.7279,16.2068,17.2761,16.6794,16.4751,16.9919,17.3297
478,2021-10-20,0.0,2021-10-20 22:00:00,1.42465,1.64743,1.17527,1.59316,1.22685,1.36941,1.80846,0.990398,1.43584,16.9289,16.9556,16.8497,16.2635,17.3746,16.7841,16.6335,17.1143,17.4585
479,2021-10-20,0.0,2021-10-20 23:00:00,2.07472,2.47687,1.77743,2.27766,1.7186,1.93945,2.79356,1.51728,1.96558,16.6435,16.8146,16.6242,16.1036,17.1139,16.5724,16.4417,16.8648,17.3522
480,2021-10-21,0.0,2021-10-21 00:00:00,1.43385,1.74742,1.10034,1.45293,1.11485,1.17418,1.81313,0.891741,1.38636,16.7665,16.8178,16.6469,16.1256,17.18,16.5726,16.5252,16.9137,17.2756
481,2021-10-21,0.0,2021-10-21 01:00:00,1.36462,1.6064,1.11899,1.34804,1.06699,1.14547,1.66536,0.914415,1.2686,16.8354,16.8438,16.7418,16.1666,17.2682,16.6941,16.5474,17.0018,17.3408
482,2021-10-21,0.0,2021-10-21 02:00:00,0.715443,0.698212,0.592196,0.620283,0.662672,0.636534,0.560902,0.477509,0.785931,16.782,16.7157,16.6837,15.5214,17.1891,16.6561,16.41,16.9728,17.2022
483,2021-10-21,0.0,2021-10-21 03:00:00,0.428799,0.372322,0.541731,0.3848,0.503855,0.543102,0.393902,0.493172,0.49229,16.6577,16.7184,16.5196,16.1834,17.1,16.4563,16.3859,16.7963,17.2269
484,2021-10-21,0.0,2021-10-21 04:00:00,0.39645,0.351105,0.488077,0.363029,0.466465,0.485382,0.35743,0.45896,0.470886,16.9087,16.8665,16.7983,16.3029,17.3485,16.6808,16.5375,17.0819,17.379
485,2021-10-21,0.0,2021-10-21 05:00:00,0.177891,0.246056,0.17634,0.217087,0.181515,0.191494,0.2924,0.18244,0.259514,16.9424,16.8444,16.8683,16.2493,17.3316,16.803,16.5403,17.1078,17.3572
486,2021-10-21,0.0,2021-10-21 06:00:00,0.00882721,0.00643158,0.0340786,0.00655365,0.0325813,0.0239601,0.00775528,0.073164,0.0162048,17.0855,16.9394,17.0765,16.3092,17.3862,17.0036,16.6585,17.2333,17.3753
487,2021-10-21,0.0,2021-10-21 07:00:00,0.0086174,0.017807,0.0070076,0.0283127,0.0892258,0.00762177,0.0546341,0.089819,0.084053,16.9916,17.0008,16.9976,15.1031,17.3995,16.8991,16.5882,17.2268,17.4557
488,2021-10-21,0.0,2021-10-21 08:00:00,0.284733,0.294178,0.223459,0.217251,0.324821,0.151947,0.256088,0.242928,0.361229,16.9369,17.0215,16.9369,16.209,17.458,16.8146,16.7602,17.2602,17.5202
489,2021-10-21,0.0,2021-10-21 09:00:00,0.669876,0.624649,0.640919,0.648537,0.561401,0.660149,0.616989,0.525206,0.580151,16.9089,17.1625,16.9497,16.3958,17.3026,16.9402,16.8137,17.0914,17.5851
490,2021-10-21,0.0,2021-10-21 10:00:00,0.857281,0.824993,0.810904,0.970798,0.599518,0.937092,0.941055,0.581142,0.641434,16.907,17.0865,17.0307,16.4778,17.3826,16.9909,16.6801,17.2362,17.585
491,2021-10-21,0.0,2021-10-21 11:00:00,0.890396,0.757484,0.934349,1.12773,0.550808,1.21649,0.909771,0.599768,0.531254,17.3454,17.3389,17.1964,17.0354,17.7453,17.1344,17.0604,17.472,17.7689
492,2021-10-21,0.0,2021-10-21 12:00:00,0.509613,0.428593,0.522184,0.703587,0.316002,0.717213,0.55061,0.319862,0.313488,18.0761,18.1547,17.9227,17.882,18.4914,17.9618,17.8252,18.118,18.5918
493,2021-10-21,0.0,2021-10-21 13:00:00,0.323902,0.224213,0.351894,0.377563,0.217773,0.434692,0.199986,0.210926,0.187355,18.8397,18.7347,18.8174,18.8505,19.1258,19.2784,18.5941,18.8375,19.6401
494,2021-10-21,0.0,2021-10-21 14:00:00,0.423981,0.395462,0.281094,0.619358,0.290836,0.38728,0.628319,0.312782,0.210869,19.8435,19.3557,19.8029,19.2363,20.0769,19.8064,18.9997,19.9332,20.0398
495,2021-10-21,0.0,2021-10-21 15:00:00,0.525169,0.615723,0.346931,0.903938,0.325119,0.560474,1.1268,0.337784,0.321327,19.9836,19.8122,20.066,19.567,20.3787,20.0498,19.4889,20.231,20.4526
496,2021-10-21,0.0,2021-10-21 16:00:00,0.519482,0.612598,0.346809,0.886379,0.323273,0.559433,1.13089,0.337105,0.318455,20.8828,20.7151,20.9838,20.7769,21.0967,21.1775,20.5942,21.0096,21.0699
497,2021-10-21,0.0,2021-10-21 17:00:00,0.44421,0.557388,0.351536,0.600506,0.252495,0.506115,0.805016,0.165588,0.393963,19.9336,19.8952,19.9405,19.3603,20.2324,20.0359,19.6689,20.0212,20.3578
498,2021-10-21,0.0,2021-10-21 18:00:00,0.423164,0.435383,0.35186,0.446075,0.261879,0.440292,0.477699,0.171585,0.339329,20.1518,20.0652,20.1864,19.6077,20.5087,20.2733,19.7073,20.2917,20.5958
499,2021-10-21,0.0,2021-10-21 19:00:00,0.422779,0.431126,0.35186,0.440784,0.261879,0.439854,0.451839,0.171585,0.339203,20.3743,20.2637,20.3743,19.9555,20.662,20.4659,19.9104,20.4678,20.8253
500,2021-10-21,0.0,2021-10-21 20:00:00,0.0845032,0.101063,0.0714569,0.137985,0.0454407,0.116428,0.176258,0.033371,0.0569801,19.9146,19.9528,19.9561,19.4728,20.2885,19.9646,19.7038,20.1656,20.4418
501,2021-10-21,0.0,2021-10-21 21:00:00,0.0,0.0,0.0,0.0,0.0,0.0,0.0,0.0,0.0,19.1832,19.2091,19.3252,18.2793,19.603,19.3154,18.8815,19.5349,19.766
502,2021-10-21,0.0,2021-10-21 22:00:00,0.000961304,0.0,0.00996017,0.000263214,0.00111008,0.0105476,0.0,0.0100632,0.0,18.9028,19.0256,19.0585,18.1646,19.3201,19.0504,18.7393,19.2695,19.5498
503,2021-10-21,0.0,2021-10-21 23:00:00,0.01828,0.0022316,0.0458183,0.0222816,0.0123177,0.0609131,0.00551987,0.0363064,0.000152588,18.8184,18.9348,18.8797,18.1213,19.2182,18.863,18.644,19.085,19.4557
