,Data,precipitacao_observada,Datetime,prec_prev_Maceio,prec_prev_ptoN,prec_prev_ptoS,prec_prev_ptoE,prec_prev_ptoW,prec_prev_ptoSE,prec_prev_ptoNE,prec_prev_ptoSW,prec_prev_ptoNW,temp_prev_Maceio,temp_prev_ptoN,temp_prev_ptoS,temp_prev_ptoE,temp_prev_ptoW,temp_prev_ptoSE,temp_prev_ptoNE,temp_prev_ptoSW,temp_prev_ptoNW
0,2021-10-01,0.0,2021-10-01 00:00:00,0.0,0.0,0.0,0.0,0.0,0.0,0.0,0.0,0.0,20.9637,21.0226,20.9059,20.9372,20.9913,20.8794,20.9962,20.9338,21.0499
1,2021-10-01,0.0,2021-10-01 01:00:00,0.0,0.0,0.0,0.0,0.0,0.0,0.0,0.0,0.0,18.4224,20.0642,18.1469,18.3426,19.0081,18.058,19.9326,18.8601,20.2959
2,2021-10-01,0.0,2021-10-01 02:00:00,0.0,0.0,0.0,0.0,0.0,0.0,0.0,0.0,0.0,18.2518,19.7647,17.9339,18.1979,18.7776,17.8796,19.6394,18.5748,19.9958
3,2021-10-01,0.0,2021-10-01 03:00:00,0.0,0.0,0.0,0.0,0.0,0.0,0.0,0.0,0.0,18.1792,19.45,17.8822,18.1279,18.6669,17.8984,19.3233,18.3958,19.6773
4,2021-10-01,0.0,2021-10-01 04:00:00,0.0,0.0,0.0,0.0,0.0,0.0,0.0,0.0,0.0,18.2304,19.3449,18.017,18.157,18.7426,18.0062,19.2763,18.4493,19.5339
5,2021-10-01,0.0,2021-10-01 05:00:00,0.0,0.0,0.0,0.0,0.0,0.0,0.0,0.0,0.0,17.9748,19.1607,17.9172,17.9149,18.5105,17.9568,19.0617,18.3853,19.3912
6,2021-10-01,0.0,2021-10-01 06:00:00,0.0,0.0,0.0,0.0,0.0,0.0,0.0,0.0,0.0,17.9181,19.1452,17.4408,17.853,18.465,17.5782,19.0625,18.0329,19.3468
7,2021-10-01,0.0,2021-10-01 07:00:00,0.0,0.0,0.0,0.0,0.0,0.0,0.0,0.0,0.0,17.8612,19.3153,17.5484,17.7863,18.4059,17.5987,19.2893,18.1475,19.3694
8,2021-10-01,0.0,2021-10-01 08:00:00,0.0,0.0,0.0,0.0,0.0,0.0,0.0,0.0,0.0,18.9172,19.2322,18.7627,17.4666,19.435,17.2933,18.9854,19.1207,19.4797
9,2021-10-01,0.0,2021-10-01 09:00:00,0.0,0.0,0.0,0.0,0.0,0.0,0.0,0.0,0.0,17.18,19.2383,18.5846,16.9536,19.2026,16.9658,19.0586,18.8752,19.4334
10,2021-10-01,0.0,2021-10-01 10:00:00,0.0,0.0,0.0,0.0,0.0,0.0,0.0,0.0,0.0,19.7449,19.9312,19.7843,19.7227,20.0981,19.9449,19.8997,19.9329,20.1122
11,2021-10-01,0.0,2021-10-01 11:00:00,0.0,0.0,0.0,0.0,0.0,0.0,0.0,0.0,0.0,22.6934,22.7006,22.2942,22.7085,22.9201,22.4563,22.7847,22.3818,22.7971
12,2021-10-01,0.0,2021-10-01 12:00:00,0.0,0.0,0.0,0.0,0.0,0.0,0.0,0.0,0.0,24.3796,24.6414,23.7766,24.3718,24.5981,23.938,24.6504,23.8931,24.6805
13,2021-10-01,0.0,2021-10-01 13:00:00,0.0,0.0,0.0,0.0,0.0,0.0,0.0,0.0,0.0,24.5264,25.0025,24.0993,24.3717,24.9468,24.0883,24.9031,24.4081,25.2422
14,2021-10-01,0.0,2021-10-01 14:00:00,0.0,0.0,0.0,0.0,0.0,0.0,0.0,0.0,0.0,25.3359,25.9975,24.825,25.2183,25.7096,24.8481,25.9233,25.099,26.1812
15,2021-10-01,0.0,2021-10-01 15:00:00,0.0,0.0,0.0,0.0,0.0,0.0,0.0,0.0,0.0,25.7931,26.5493,25.3215,25.6636,26.1903,25.3138,26.4177,25.6293,26.7782
16,2021-10-01,0.0,2021-10-01 16:00:00,0.0,0.0,0.0,0.0,0.0,0.0,0.0,0.0,0.0,26.0128,26.8564,25.5623,25.8826,26.3969,25.5204,26.6869,25.9051,27.1051
17,2021-10-01,0.0,2021-10-01 17:00:00,0.0,0.0,0.0,0.0,0.0,0.0,0.0,0.0,0.0,25.3991,26.2221,25.0515,25.2622,25.8001,24.9791,26.0834,25.381,26.4702
18,2021-10-01,0.0,2021-10-01 18:00:00,0.0,0.0,0.0,0.0,0.0,0.0,0.0,0.0,0.0,24.4654,25.3174,24.1772,24.35,24.8294,24.1184,25.1845,24.4819,25.5513
19,2021-10-01,0.0,2021-10-01 19:00:00,0.0,0.0,0.0,0.0,0.0,0.0,0.0,0.0,0.0,24.1347,25.0319,23.8505,24.0384,24.4665,23.8125,24.8972,24.1292,25.2614
20,2021-10-01,0.0,2021-10-01 20:00:00,0.0,0.0,0.0,0.0,0.0,0.0,0.0,0.0,0.0,23.2708,24.3076,22.9454,23.2022,23.5775,22.9469,24.1689,23.2025,24.5438
21,2021-10-01,0.0,2021-10-01 21:00:00,0.0,0.0,0.0,0.0,0.0,0.0,0.0,0.0,0.0,22.4235,23.8243,22.0543,22.3438,22.8956,22.0494,23.6698,22.5693,24.0408
22,2021-10-01,0.0,2021-10-01 22:00:00,0.0,0.0,0.0,0.0,0.0,0.0,0.0,0.0,0.0,22.1291,23.4504,20.9472,22.2484,21.6751,21.3182,23.324,21.4554,23.7108
23,2021-10-01,0.0,2021-10-01 23:00:00,2.97963e-05,1.15541e-06,1.36047e-06,1.38813e-06,0.00229784,5.97507e-08,7.67268e-10,0.000504385,6.46951e-06,21.9383,22.8196,21.7204,21.9573,21.9494,20.9936,22.728,21.8114,23.0203
24,2021-10-02,0.0,2021-10-02 00:00:00,0.0,0.0,0.0,0.0,0.0,0.0,0.0,0.0,0.0,22.3704,22.3998,22.3403,22.3344,22.4061,22.3041,22.364,22.3762,22.4352
25,2021-10-02,0.0,2021-10-02 01:00:00,0.0,0.0,0.0,0.0,0.0,0.0,0.0,0.0,0.0,20.0034,22.218,20.1045,20.0177,20.3805,20.1294,22.2483,20.2062,22.2913
26,2021-10-02,0.0,2021-10-02 02:00:00,0.0,0.0,0.0,0.0,0.0,0.0,0.0,0.0,0.0,19.8805,21.8693,19.4849,19.8818,20.319,19.5452,21.8441,19.8288,22.0442
27,2021-10-02,0.0,2021-10-02 03:00:00,0.0,0.0,0.0,0.0,0.0,0.0,0.0,0.0,0.0,19.7477,21.5231,20.1134,19.66,20.2737,20.1762,21.3487,20.407,21.8154
28,2021-10-02,0.0,2021-10-02 04:00:00,0.0,0.0,0.0,0.0,0.0,0.0,0.0,0.0,0.0,20.7909,21.3645,20.6793,20.5267,21.3346,20.6225,21.1504,20.9532,21.6938
29,2021-10-02,0.0,2021-10-02 05:00:00,0.0,0.0,0.0,0.0,0.0,0.0,0.0,0.0,0.0,20.0544,21.2107,19.6892,19.656,20.6515,19.3579,21.4086,20.5092,21.1882
30,2021-10-02,0.0,2021-10-02 06:00:00,0.0,0.0,0.0,0.0,0.0,0.0,0.0,0.0,0.0,20.5345,21.3786,20.1757,20.4895,21.1624,20.2076,21.4156,20.6142,21.6554
31,2021-10-02,0.0,2021-10-02 07:00:00,0.0,0.0,0.0,0.0,0.0,0.0,0.0,0.0,0.0,20.4371,21.2416,20.0052,20.4276,20.9896,20.1026,21.2885,20.3802,21.4388
32,2021-10-02,0.0,2021-10-02 08:00:00,0.0,0.0,0.0,0.0,0.0,0.0,0.0,0.0,0.0,18.9148,20.3861,18.6804,18.7277,19.2364,18.9689,20.2193,19.0341,20.7164
33,2021-10-02,0.0,2021-10-02 09:00:00,0.0,0.0,0.0,0.0,0.0,0.0,0.0,0.0,0.0,19.8362,20.8362,19.0322,19.8598,20.1753,19.148,20.9008,19.924,20.8206
34,2021-10-02,0.0,2021-10-02 10:00:00,0.0,0.0,0.0,0.0,0.0,0.0,0.0,0.0,0.0,22.1172,21.8994,22.054,22.142,22.2923,22.3311,21.9693,22.0427,21.9128
35,2021-10-02,0.0,2021-10-02 11:00:00,0.0,0.0,0.0,0.0,0.0,0.0,0.0,0.0,0.0,23.8196,23.6673,23.7433,23.8677,23.8404,23.7102,23.6921,23.5701,23.5928
36,2021-10-02,0.0,2021-10-02 12:00:00,0.0,0.0,0.0,0.0,0.0,0.0,0.0,0.0,0.0,24.6606,25.1979,23.9701,24.6838,25.1449,24.2167,25.3174,24.1789,25.1985
37,2021-10-02,0.0,2021-10-02 13:00:00,0.0,0.0,0.0,0.0,0.0,0.0,0.0,0.0,0.0,25.7147,26.505,25.0047,25.8159,26.4126,25.3542,26.6141,25.3159,26.8713
38,2021-10-02,0.0,2021-10-02 14:00:00,0.0,0.0,0.0,0.0,0.0,0.0,0.0,0.0,0.0,26.3699,27.1962,25.7558,26.5328,26.9424,26.1183,27.3417,25.9435,27.4866
39,2021-10-02,0.0,2021-10-02 15:00:00,0.0,0.0,0.0,0.0,0.0,0.0,0.0,0.0,0.0,27.5029,28.3286,26.7233,27.6603,28.0863,27.2217,28.4344,26.9696,28.5975
40,2021-10-02,0.0,2021-10-02 16:00:00,0.0,0.0,0.0,0.0,0.0,0.0,0.0,0.0,0.0,27.5231,28.4197,26.8984,27.8981,27.8887,27.5652,28.6893,26.8554,28.5935
41,2021-10-02,0.0,2021-10-02 17:00:00,0.0,0.0,0.0,0.0,0.0,0.0,0.0,0.0,0.0,27.8135,28.6008,27.1968,28.1732,27.8954,27.8194,28.8848,26.9159,28.5771
42,2021-10-02,0.0,2021-10-02 18:00:00,0.0,0.0,0.0,0.0,0.0,0.0,0.0,0.0,0.0,27.3763,28.1649,26.8458,27.5266,27.4903,27.2057,28.273,26.6236,28.1334
43,2021-10-02,0.0,2021-10-02 19:00:00,0.0,0.0,0.0,0.0,0.0,0.0,0.0,0.0,0.0,27.0483,27.8633,26.7048,27.0486,27.3178,26.8639,27.8428,26.6238,27.9819
44,2021-10-02,0.0,2021-10-02 20:00:00,0.0,0.0,0.0,0.0,0.0,0.0,0.0,0.0,0.0,25.7015,26.6849,25.4213,25.6814,26.0968,25.5343,26.6607,25.4099,26.9292
45,2021-10-02,0.0,2021-10-02 21:00:00,0.0,0.0,0.0,0.0,0.0,0.0,0.0,0.0,0.0,22.9643,25.6717,22.5999,23.0526,23.2067,22.7935,25.7409,23.1409,25.5327
46,2021-10-02,0.0,2021-10-02 22:00:00,0.0,0.0,0.0,0.0,0.0,0.0,0.0,0.0,0.0,22.4167,23.5091,21.89,22.2013,22.2251,21.4843,23.4936,22.7041,23.5605
47,2021-10-02,0.0,2021-10-02 23:00:00,0.0,0.0,0.0,0.0,7.72608e-14,0.0,0.0,4.44688e-10,0.0,21.3843,22.3092,21.01,21.1309,21.6792,20.7533,22.2288,21.3804,22.3295
48,2021-10-03,0.0,2021-10-03 00:00:00,0.171239,0.120433,0.262081,0.0675704,0.670187,0.0826559,0.0683972,0.900961,0.421258,21.2816,22.0298,21.0435,20.95,21.6732,20.7674,21.7764,21.4252,22.3383
49,2021-10-03,0.0,2021-10-03 01:00:00,0.252054,0.157117,0.480709,0.1217,0.790679,0.202558,0.0956729,1.28852,0.465651,22.2372,24.0288,21.6353,22.5725,22.2366,22.0779,23.9069,22.2185,23.8609
50,2021-10-03,0.0,2021-10-03 02:00:00,0.252054,0.157117,0.480709,0.1217,0.790679,0.202558,0.0956729,1.28852,0.465651,20.6446,21.4662,20.1848,20.4979,20.8896,20.0991,21.2993,20.823,21.6481
51,2021-10-03,0.0,2021-10-03 03:00:00,0.080815,0.036684,0.218628,0.0541294,0.120492,0.119902,0.0272757,0.387562,0.0443935,20.353,21.5251,19.8659,20.3642,20.5684,19.756,21.5217,20.4897,21.6292
52,2021-10-03,0.0,2021-10-03 04:00:00,0.000102729,3.65078e-06,0.00457612,0.000107437,0.0,0.00601098,0.0,5.85318e-05,0.0,20.2741,20.5767,20.1661,20.2396,20.4422,20.2093,20.5368,20.2632,20.6862
53,2021-10-03,0.0,2021-10-03 05:00:00,0.000113189,3.65078e-06,0.00807768,0.000113606,8.9407e-07,0.00917678,0.0,0.000476718,8.34465e-07,20.1209,20.4684,19.9698,20.112,20.253,20.0301,20.4628,20.0919,20.5358
54,2021-10-03,0.0,2021-10-03 06:00:00,0.0412227,0.00837909,0.154284,0.0836799,0.02503,0.17681,0.026033,0.152408,0.00563714,20.1129,20.3801,20.0342,20.0771,20.2627,20.0642,20.3865,20.1122,20.4581
55,2021-10-03,0.0,2021-10-03 07:00:00,0.0411368,0.00838253,0.149836,0.0835955,0.0250495,0.170965,0.0260429,0.152394,0.00564432,20.1055,20.3852,20.0639,20.1037,20.2177,20.0962,20.3928,20.0874,20.4546
56,2021-10-03,0.0,2021-10-03 08:00:00,0.0411264,0.00838253,0.146335,0.0835893,0.0250486,0.167856,0.0260429,0.151976,0.00564349,20.0727,20.3996,20.0243,20.0346,20.2311,20.0166,20.3392,20.061,20.5162
57,2021-10-03,0.0,2021-10-03 09:00:00,1.68979e-05,7.09295e-06,0.000128388,2.29627e-05,1.94907e-05,0.000222534,9.83477e-06,4.43459e-05,7.18236e-06,19.4287,20.8127,19.8114,19.5105,19.8027,19.1327,20.8398,19.5286,21.0089
58,2021-10-03,0.0,2021-10-03 10:00:00,0.0,0.0,1.01328e-06,0.0,0.0,5.6684e-05,0.0,0.0,0.0,21.4815,21.9468,20.8589,21.2661,21.959,20.8569,21.8592,21.278,22.0015
59,2021-10-03,0.0,2021-10-03 11:00:00,0.0,0.0,0.0,0.0,0.0,0.0,0.0,0.0,0.0,22.011,22.6693,21.3144,21.9512,22.6407,21.378,22.6667,21.6989,22.9569
60,2021-10-03,0.0,2021-10-03 12:00:00,0.0,0.0,0.0,0.0,0.0,0.0,0.0,0.0,0.0,23.0336,23.8132,22.2074,22.9256,23.7142,22.2447,23.7513,22.6766,24.0898
61,2021-10-03,0.0,2021-10-03 13:00:00,0.0,0.0,0.0,0.0,0.0,0.0,0.0,0.0,0.0,23.3642,24.202,22.6075,23.2809,24.1134,22.6507,24.1859,23.0288,24.651
62,2021-10-03,0.0,2021-10-03 14:00:00,0.0,0.0,0.0,0.0,0.0,0.0,0.0,0.0,0.0,24.2025,25.1773,23.4023,24.217,24.9588,23.5758,25.2499,23.7881,25.5919
63,2021-10-03,0.0,2021-10-03 15:00:00,0.0,0.0,0.0,0.0,0.0,0.0,0.0,0.0,0.0,24.984,26.0402,24.1479,25.3641,25.6126,24.7515,26.4032,24.5041,26.3195
64,2021-10-03,0.0,2021-10-03 16:00:00,0.0,0.0,0.0,0.0,0.0,0.0,0.0,0.0,0.0,27.0206,28.2223,26.0175,27.6999,26.855,27.0875,28.6533,25.6605,27.705
65,2021-10-03,0.0,2021-10-03 17:00:00,0.0,0.0,0.0,0.0,0.0,0.0,0.0,0.0,0.0,27.3807,28.3412,26.8874,27.2475,27.8574,26.8617,28.2457,27.3357,28.5196
66,2021-10-03,0.0,2021-10-03 18:00:00,0.0,0.0,0.0,0.0,0.0,0.0,0.0,0.0,0.0,27.337,28.3027,26.9501,27.2,27.8106,26.8755,28.2297,27.338,28.515
67,2021-10-03,0.0,2021-10-03 19:00:00,0.0,0.0,0.0,0.0,0.0,0.0,0.0,0.0,0.0,27.7863,28.8356,27.4058,27.8226,28.1992,27.4448,28.9754,27.6485,28.8604
68,2021-10-03,0.0,2021-10-03 20:00:00,0.0,0.0,0.0,0.0,0.0,0.0,0.0,0.0,0.0,23.5711,25.1127,22.9218,23.543,23.6125,22.7819,25.4043,23.0616,24.7542
69,2021-10-03,0.0,2021-10-03 21:00:00,0.0,0.0,0.0,0.0,0.0,0.0,0.0,0.0,0.0,21.0345,22.0109,20.8784,21.1379,21.1722,21.0153,22.1962,20.8377,22.0107
70,2021-10-03,0.0,2021-10-03 22:00:00,0.0,0.0,0.0,0.0,0.0,0.0,0.0,0.0,0.0,21.1891,21.8202,20.9009,20.9944,21.4041,20.9053,21.7889,21.0691,21.817
71,2021-10-03,0.0,2021-10-03 23:00:00,3.27826e-07,0.0,2.32458e-06,0.000168234,0.0,0.000650853,7.24941e-06,0.0,0.0,21.3046,21.7813,21.0586,21.1156,21.4771,20.9338,21.7672,21.1489,21.832
72,2021-10-04,0.0,2021-10-04 00:00:00,0.0,0.0,0.0,0.0,0.0,0.0,0.0,0.0,0.0,22.3194,22.3618,22.2774,22.3158,22.3227,22.2739,22.3582,22.2806,22.3652
73,2021-10-04,0.0,2021-10-04 01:00:00,0.0,0.0,0.0,0.0,0.0,0.0,0.0,0.0,0.0,21.5588,22.11,21.4134,21.5506,21.7865,21.5049,22.1702,21.432,22.1933
74,2021-10-04,0.0,2021-10-04 02:00:00,0.0,0.0,0.0,0.0,0.0,0.0,0.0,0.0,0.0,21.2204,21.6581,21.1925,21.1669,21.4429,21.213,21.6786,21.2593,21.7302
75,2021-10-04,0.0,2021-10-04 03:00:00,0.576954,0.549654,0.589192,0.559506,0.594468,0.559954,0.542539,0.597863,0.56585,21.6468,22.1566,21.2786,21.4644,21.9418,21.3237,22.1091,21.5155,22.3116
76,2021-10-04,0.0,2021-10-04 04:00:00,0.576953,0.54965,0.589192,0.559506,0.594461,0.559954,0.542539,0.597861,0.565813,20.4424,21.907,20.1678,20.4375,20.8291,20.1898,21.8854,20.4544,22.0541
77,2021-10-04,0.0,2021-10-04 05:00:00,0.0,2.8491e-05,0.0,0.0,2.8491e-05,0.0,2.20537e-06,0.0,0.000337601,20.2856,21.6416,20.1325,20.2193,20.691,20.1396,21.6018,20.4457,21.8057
78,2021-10-04,0.0,2021-10-04 06:00:00,0.0,0.0,0.0,0.0,0.0,0.0,0.0,0.0,0.0,20.4491,21.7426,20.584,20.5013,20.7964,20.6449,21.6537,20.7375,21.8525
79,2021-10-04,0.0,2021-10-04 07:00:00,0.0,0.0,0.0,0.0,0.0,0.0,0.0,0.0,0.0,20.0807,21.6306,20.3035,20.1016,20.4691,20.5052,21.5298,20.2208,21.8289
80,2021-10-04,0.0,2021-10-04 08:00:00,0.0,0.0,0.0,0.0,0.0,0.0,0.0,0.0,0.0,19.856,21.4198,19.7267,19.7493,20.2846,19.8333,21.2717,20.0042,21.6466
81,2021-10-04,0.0,2021-10-04 09:00:00,0.0,0.0,0.0,0.0,0.0,0.0,0.0,0.0,0.0,19.9564,21.391,20.0548,19.8354,20.3213,20.308,21.1878,20.0855,21.6086
82,2021-10-04,0.0,2021-10-04 10:00:00,0.0,0.0,0.0,0.0,0.0,0.0,0.0,0.0,0.0,23.0388,23.0021,23.2126,23.1103,23.1919,23.4817,22.8888,23.3578,23.2288
83,2021-10-04,0.0,2021-10-04 11:00:00,0.0,0.0,0.0,0.0,0.0,0.0,0.0,0.0,0.0,26.4052,26.5466,26.3108,26.2393,26.4709,26.3507,26.3048,26.1581,26.4789
84,2021-10-04,0.0,2021-10-04 12:00:00,0.0,0.0,0.0,0.0,0.0,0.0,0.0,0.0,0.0,28.1514,28.2798,28.055,28.4529,28.0847,28.4459,28.5553,27.8188,28.0931
85,2021-10-04,0.0,2021-10-04 13:00:00,0.0,0.0,0.0,0.0,0.0,0.0,0.0,0.0,0.0,31.6397,31.9272,31.4135,31.7886,31.6039,31.7252,32.0842,31.3196,31.6609
86,2021-10-04,0.0,2021-10-04 14:00:00,0.0,0.0,0.0,0.0,0.0,0.0,0.0,0.0,0.0,32.4503,33.2819,32.2724,32.9336,32.1472,32.8429,33.6737,31.6835,33.014
87,2021-10-04,0.0,2021-10-04 15:00:00,0.0,0.0,0.0,0.0,0.0,0.0,0.0,0.0,0.0,34.6992,35.1364,34.4846,34.7366,35.035,34.5802,35.2053,34.5657,35.1975
88,2021-10-04,0.0,2021-10-04 16:00:00,0.0,0.0,0.0,0.0,0.0,0.0,0.0,0.0,0.0,35.5179,35.9565,35.1914,35.5315,35.8264,35.3362,36.0307,35.3356,36.0477
89,2021-10-04,0.0,2021-10-04 17:00:00,0.0,0.0,0.0,0.0,0.0,0.0,0.0,0.0,0.0,36.1434,36.7037,35.8697,36.1734,36.4311,35.9544,36.7111,36.0575,36.7906
90,2021-10-04,0.0,2021-10-04 18:00:00,0.0,0.0,0.0,0.0,0.0,0.0,0.0,0.0,0.0,36.4218,37.052,36.1064,36.5358,36.6667,36.2233,37.0988,36.2683,37.1396
91,2021-10-04,0.0,2021-10-04 19:00:00,0.0,0.0,0.0,0.0,0.0,0.0,0.0,0.0,0.0,32.1018,33.4513,31.6519,31.9295,32.534,31.6398,33.2815,31.8604,33.6974
92,2021-10-04,0.0,2021-10-04 20:00:00,7.10307,8.41885,5.55396,6.08267,7.18157,5.2787,6.05603,5.87597,9.55573,24.6331,26.1516,24.4053,24.7292,24.6934,24.5371,26.2781,24.3911,25.9794
93,2021-10-04,0.0,2021-10-04 21:00:00,7.96374,9.13377,6.45712,7.12735,7.87466,6.36516,6.9765,6.60496,10.1208,22.9201,24.4583,22.8596,22.9736,23.2107,22.9577,24.5023,22.9495,24.693
94,2021-10-04,0.0,2021-10-04 22:00:00,7.96374,9.13377,6.45712,7.12735,7.87466,6.36516,6.9765,6.60496,10.1208,22.2331,23.5505,22.0741,22.1827,22.6022,22.1133,23.5008,22.2287,23.7804
95,2021-10-04,0.0,2021-10-04 23:00:00,0.860664,0.714927,0.903161,1.04468,0.693086,1.08646,0.920465,0.729024,0.565065,22.5085,23.7268,22.2902,22.4657,22.9275,22.283,23.6362,22.5209,23.9986
96,2021-10-05,0.0,2021-10-05 00:00:00,0.0,0.0,0.0,0.0,0.0,0.0,0.0,0.0,0.0,21.9625,22.004,21.9216,21.9492,21.9761,21.9097,21.9892,21.9338,22.019
97,2021-10-05,0.0,2021-10-05 01:00:00,0.0,0.0,0.0,0.0,0.0,0.0,0.0,0.0,0.0,20.1185,21.4483,20.0329,20.0899,20.5361,20.063,21.446,21.0889,21.5826
98,2021-10-05,0.0,2021-10-05 02:00:00,0.0,0.0,0.0,0.0,0.0,0.0,0.0,0.0,0.0,20.8536,21.305,20.6525,20.7522,21.0344,20.6936,21.3326,20.737,21.3281
99,2021-10-05,0.0,2021-10-05 03:00:00,0.0100522,0.00352587,0.0178018,0.00755863,0.0126607,0.0166077,0.00163065,0.0198075,0.00650089,20.8089,21.2105,20.6199,20.6605,21.0864,20.669,21.126,20.7399,21.2755
100,2021-10-05,0.0,2021-10-05 04:00:00,0.1835,0.112306,0.251733,0.164176,0.211814,0.235316,0.0913639,0.292642,0.141562,20.7173,21.1057,20.4791,20.5719,20.9788,20.5284,21.0537,20.6438,21.1296
101,2021-10-05,0.0,2021-10-05 05:00:00,0.236873,0.167645,0.315331,0.215964,0.293803,0.321146,0.132358,0.36935,0.219017,20.6918,21.0496,20.4411,20.5357,20.9345,20.4426,21.019,20.5997,21.0777
102,2021-10-05,0.0,2021-10-05 06:00:00,0.296336,0.216014,0.34421,0.229033,0.429206,0.337461,0.145729,0.443013,0.318036,20.6722,21.0084,20.5266,20.5573,20.9304,20.4542,20.9934,20.6672,21.1552
103,2021-10-05,0.0,2021-10-05 07:00:00,0.192573,0.169371,0.145082,0.10365,0.36385,0.145395,0.0809161,0.258922,0.302898,20.768,21.2207,20.6217,20.7206,21.0095,20.6324,21.2024,20.708,21.3671
104,2021-10-05,0.0,2021-10-05 08:00:00,0.164773,0.128108,0.101822,0.0652961,0.347354,0.0639461,0.0474898,0.242542,0.270439,20.7693,21.1953,20.6671,20.7693,20.988,20.7243,21.2138,20.7036,21.3172
105,2021-10-05,0.0,2021-10-05 09:00:00,0.115665,0.0884992,0.0883244,0.0576642,0.261686,0.0842942,0.0343421,0.21713,0.209754,20.745,21.144,20.6306,20.7158,20.951,20.6328,21.1704,20.7054,21.2623
106,2021-10-05,0.0,2021-10-05 10:00:00,0.120112,0.0920205,0.150954,0.13012,0.243842,0.244103,0.0429003,0.2067,0.222893,20.8082,21.2324,20.6819,20.7765,21.0351,20.7024,21.2361,20.753,21.3827
107,2021-10-05,0.0,2021-10-05 11:00:00,0.094639,0.0780438,0.130812,0.116686,0.178473,0.239722,0.035336,0.146554,0.178173,21.2037,21.5028,21.0438,21.1621,21.4694,21.0742,21.5166,21.1155,21.638
108,2021-10-05,0.0,2021-10-05 12:00:00,0.0742314,0.0657581,0.0976286,0.103689,0.116077,0.186451,0.0334822,0.0784956,0.133338,22.8088,22.9146,22.575,22.8312,22.8932,22.5159,23.1212,22.6081,22.7812
109,2021-10-05,0.0,2021-10-05 13:00:00,0.0132125,0.000275493,0.10387,0.0176884,0.018263,0.105542,0.000220507,0.116847,0.00181937,21.736,22.2918,21.186,21.5542,21.9476,21.2079,22.3362,21.3887,22.2256
110,2021-10-05,0.0,2021-10-05 14:00:00,0.531355,0.198596,1.03442,0.628792,0.366782,1.11209,0.234674,0.850863,0.109982,21.2365,21.8567,20.9618,21.207,21.5252,21.0919,21.8763,21.0807,21.933
111,2021-10-05,0.0,2021-10-05 15:00:00,0.976378,0.321876,1.71141,1.20135,0.639076,1.88278,0.410644,1.34687,0.176911,21.3313,21.9244,21.0453,21.2629,21.6895,21.1246,21.9033,21.1695,22.0582
112,2021-10-05,0.0,2021-10-05 16:00:00,1.27629,0.438008,2.02829,1.62258,0.896985,2.24633,0.605898,1.70817,0.252352,21.5908,22.2037,21.0723,21.3476,21.9962,21.131,22.1212,21.3033,22.2997
113,2021-10-05,0.0,2021-10-05 17:00:00,0.827296,0.263505,1.23819,1.099,0.605751,1.40221,0.406666,1.10031,0.161239,21.1975,21.8549,20.8463,21.1872,21.4658,20.9601,21.8883,20.9779,21.9252
114,2021-10-05,0.0,2021-10-05 18:00:00,0.383024,0.140491,0.562438,0.527133,0.333969,0.63239,0.230964,0.605486,0.0944508,21.7333,22.3323,21.0448,21.7094,21.7218,21.1878,22.3333,21.0891,22.1514
115,2021-10-05,0.0,2021-10-05 19:00:00,0.0699953,0.0241833,0.141882,0.0882149,0.0579205,0.163299,0.035494,0.127515,0.0174649,21.1731,21.7433,20.7435,20.9306,21.823,20.8067,21.6187,20.9833,21.9748
116,2021-10-05,0.0,2021-10-05 20:00:00,0.00124371,0.00069654,0.00139236,0.0030272,0.000511289,0.00208998,0.00185108,0.00117874,0.000148237,20.7779,21.4023,20.5528,20.6704,21.1128,20.6086,21.3454,20.7182,21.5745
117,2021-10-05,0.0,2021-10-05 21:00:00,0.0379933,0.0158978,0.0421684,0.0317607,0.0271088,0.0420518,0.0106969,0.0342696,0.0141717,20.5721,21.1599,20.3359,20.4828,20.877,20.4222,21.1169,20.4418,21.3108
118,2021-10-05,0.0,2021-10-05 22:00:00,0.190319,0.0642298,0.342937,0.154491,0.234264,0.246405,0.0636655,0.421386,0.0759805,20.3902,20.9091,20.1594,20.2926,20.7076,20.212,20.883,20.3087,21.0764
119,2021-10-05,0.0,2021-10-05 23:00:00,0.209451,0.0676044,0.393302,0.160801,0.260583,0.271184,0.0674351,0.497377,0.088698,20.283,20.8105,20.0284,20.2096,20.5791,20.1113,20.7858,20.1722,20.9562
120,2021-10-06,0.0,2021-10-06 00:00:00,0.0,0.0,0.0,0.0,0.0,0.0,0.0,0.0,0.0,20.5446,20.5505,20.5386,20.553,20.5356,20.5478,20.5582,20.529,20.5423
121,2021-10-06,0.0,2021-10-06 01:00:00,0.0,0.0,0.0,0.0,0.0,0.0,0.0,0.0,0.0,19.5137,19.8965,19.3513,19.4292,19.8309,19.416,19.8737,19.4823,20.0544
122,2021-10-06,0.0,2021-10-06 02:00:00,0.0,0.0,0.0,0.0,0.0,0.0,0.0,0.0,0.0,19.3764,19.8547,19.2126,19.2758,19.7269,19.2586,19.8565,19.373,20.0116
123,2021-10-06,0.0,2021-10-06 03:00:00,1.19053,1.00525,1.12762,1.76846,0.665847,1.9296,0.903276,0.789759,0.793346,19.3026,19.8417,19.1491,19.2331,19.6305,19.2111,19.8238,19.3089,20.0167
124,2021-10-06,0.0,2021-10-06 04:00:00,1.36703,1.08475,1.36304,2.03631,0.744523,2.33951,0.976158,0.870405,0.86213,19.4304,19.981,19.2812,19.3527,19.7424,19.3455,19.9281,19.4306,20.1538
125,2021-10-06,0.0,2021-10-06 05:00:00,0.980376,0.701738,0.898355,1.4467,0.50534,1.74252,0.631474,0.397114,0.579182,19.3541,19.9958,19.2829,19.2812,19.6836,19.3095,19.9617,19.463,20.1566
126,2021-10-06,0.0,2021-10-06 06:00:00,0.243392,0.104308,0.351893,0.376903,0.124595,0.604588,0.112981,0.154112,0.0854463,19.3585,19.9953,19.2573,19.2968,19.6925,19.2853,19.9681,19.463,20.1616
127,2021-10-06,0.0,2021-10-06 07:00:00,0.0290631,0.0126786,0.0793059,0.0671179,0.00974554,0.157663,0.0230623,0.0320138,0.00557047,19.3512,20.0151,19.238,19.3318,19.6822,19.2719,19.9923,19.432,20.1658
128,2021-10-06,0.0,2021-10-06 08:00:00,0.0,0.0,1.06096e-05,0.0,0.0,4.29153e-06,0.0,9.59635e-06,0.0,19.3538,19.9971,19.2579,19.291,19.6853,19.2805,19.9582,19.4591,20.1675
129,2021-10-06,0.0,2021-10-06 09:00:00,0.0,0.0,0.0,0.0,0.0,0.0,0.0,0.0,0.0,19.3952,20.0251,19.2782,19.3262,19.7221,19.3073,19.9841,19.4784,20.1957
130,2021-10-06,0.0,2021-10-06 10:00:00,0.0,0.0,0.0,0.0,0.0,0.0,0.0,0.0,0.0,19.6511,20.1885,19.508,19.6036,19.9474,19.5717,20.1483,19.6662,20.3593
131,2021-10-06,0.0,2021-10-06 11:00:00,0.00671184,4.74453e-05,0.0119525,0.000165939,0.0102004,0.00232005,0.0,0.0121386,0.000681341,20.0748,20.436,19.8957,19.9982,20.3612,19.9686,20.3925,20.017,20.6101
132,2021-10-06,0.0,2021-10-06 12:00:00,0.0067184,4.74453e-05,0.0124662,0.000165939,0.0104863,0.00232005,0.0,0.0140921,0.000681341,20.5032,20.8908,20.2967,20.4232,20.8075,20.3631,20.8692,20.4502,21.0485
133,2021-10-06,0.0,2021-10-06 13:00:00,0.0067184,4.74453e-05,0.0124662,0.000165939,0.0104863,0.00232005,0.0,0.0140921,0.000681341,21.9972,22.4519,21.8501,21.9119,22.3652,21.9218,22.3676,22.0757,22.6558
134,2021-10-06,0.0,2021-10-06 14:00:00,6.55651e-06,0.0,0.000513673,0.0,0.000285923,0.0,0.0,0.00195348,0.0,21.9513,22.5804,21.7057,21.9588,22.3116,21.9375,22.5513,21.8815,22.9059
135,2021-10-06,0.0,2021-10-06 15:00:00,0.0,0.0,0.0,0.0,0.0,0.0,0.0,0.0,0.0,23.1597,23.4268,22.948,22.9818,23.5381,22.9569,23.3119,23.1964,23.6306
136,2021-10-06,0.0,2021-10-06 16:00:00,0.0,0.0,0.0,0.0,0.0,0.0,0.0,0.0,0.0,23.6854,24.2952,23.2871,23.5916,24.0435,23.3417,24.166,23.5313,24.4781
137,2021-10-06,0.0,2021-10-06 17:00:00,0.0,0.0,0.0,0.0,0.0,0.0,0.0,0.0,0.0,23.701,24.3421,23.3025,23.5921,24.0853,23.3226,24.2374,23.5887,24.5497
138,2021-10-06,0.0,2021-10-06 18:00:00,0.0,0.0,0.0,0.0,0.0,0.0,0.0,0.0,0.0,23.7709,24.4697,23.4207,23.645,24.1478,23.4249,24.3409,23.6964,24.7129
139,2021-10-06,0.0,2021-10-06 19:00:00,0.0,0.0,0.0,0.0,0.0,0.0,0.0,0.0,0.0,23.2094,24.0944,22.9495,23.1171,23.5476,22.9521,23.9728,23.2034,24.3179
140,2021-10-06,0.0,2021-10-06 20:00:00,0.0,0.0,0.0,0.0,0.0,0.0,0.0,0.0,0.0,22.5034,23.4941,22.2479,22.431,22.824,22.2811,23.3687,22.4778,23.7296
141,2021-10-06,0.0,2021-10-06 21:00:00,0.0,0.0,0.0,0.0,0.0,0.0,0.0,0.0,0.0,21.2504,22.9238,20.7897,21.1355,21.7913,20.7624,22.7808,21.3886,23.1676
142,2021-10-06,0.0,2021-10-06 22:00:00,0.0,0.0,0.0,0.0,0.0,0.0,0.0,0.0,0.0,20.647,21.6788,20.3808,20.5152,21.1331,20.4849,21.6009,20.6912,21.8826
143,2021-10-06,0.0,2021-10-06 23:00:00,0.0,0.0,0.0,0.0,0.0,0.0,0.0,0.0,0.0,19.9023,20.9336,19.6416,19.803,20.4423,19.8706,20.8192,20.0468,21.1497
144,2021-10-07,0.0,2021-10-07 00:00:00,0.0,0.0,0.0,0.0,0.0,0.0,0.0,0.0,0.0,21.0045,21.0184,20.9912,20.9807,21.0287,20.9686,20.9933,21.0143,21.0437
145,2021-10-07,0.0,2021-10-07 01:00:00,0.0,0.0,0.0,0.0,0.0,0.0,0.0,0.0,0.0,19.3036,20.3518,19.0185,19.2337,19.8315,19.2314,20.2389,19.4615,20.6157
146,2021-10-07,0.0,2021-10-07 02:00:00,0.0,0.0,0.0,0.0,0.0,0.0,0.0,0.0,0.0,18.5484,19.9254,18.4662,18.5616,18.7492,18.8196,19.7622,18.3916,20.2087
147,2021-10-07,0.0,2021-10-07 03:00:00,0.0,0.0,0.0,0.0,0.0,0.0,0.0,0.0,0.0,18.3158,19.8277,18.7744,18.1458,18.6641,18.8884,19.6443,18.9791,20.1281
148,2021-10-07,0.0,2021-10-07 04:00:00,0.0,0.0,0.0,0.0,0.0,0.0,0.0,0.0,0.0,18.3109,19.7161,18.6421,18.0273,19.1039,18.6318,19.554,19.1659,19.9932
149,2021-10-07,0.0,2021-10-07 05:00:00,0.0,0.0,0.0,0.0,0.0,0.0,0.0,0.0,0.0,18.1967,19.8108,18.3495,18.1258,18.7957,18.4908,19.6841,18.8486,20.1877
150,2021-10-07,0.0,2021-10-07 06:00:00,0.0,0.0,0.0,0.0,0.0,0.0,0.0,0.0,0.0,18.8141,20.4752,18.2662,18.6536,19.4385,18.239,20.388,19.07,20.6966
151,2021-10-07,0.0,2021-10-07 07:00:00,0.0,0.0,0.0,0.0,0.0,0.0,0.0,0.0,0.0,19.4009,20.3344,18.4436,19.3023,20.042,18.2497,20.3456,19.5838,20.5506
152,2021-10-07,0.0,2021-10-07 08:00:00,0.0,0.0,0.0,0.0,0.0,0.0,0.0,0.0,0.0,19.6144,20.3575,18.9793,19.4743,19.9768,18.5268,20.3388,19.7529,20.4559
153,2021-10-07,0.0,2021-10-07 09:00:00,0.0,0.0,0.0,0.0,0.0,0.0,0.0,0.0,0.0,19.0312,20.3703,18.5018,19.0518,19.1451,18.2868,20.3915,18.9934,20.3021
154,2021-10-07,0.0,2021-10-07 10:00:00,0.0,0.0,0.0,0.0,0.0,0.0,0.0,0.0,0.0,21.492,21.3063,21.3112,21.4103,21.4904,21.1316,21.5045,21.4752,21.2111
155,2021-10-07,0.0,2021-10-07 11:00:00,0.0,0.0,0.0,0.0,0.0,0.0,0.0,0.0,0.0,23.3584,23.2318,22.9341,23.06,23.4148,22.5262,23.3528,23.2235,23.0765
156,2021-10-07,0.0,2021-10-07 12:00:00,0.0,0.0,0.0,0.0,0.0,0.0,0.0,0.0,0.0,24.651,24.75,24.7022,24.8742,24.6679,24.6769,24.9467,24.4165,24.6371
157,2021-10-07,0.0,2021-10-07 13:00:00,0.0,0.0,0.0,0.0,0.0,0.0,0.0,0.0,0.0,26.116,26.6422,25.9824,26.2906,26.154,26.0883,26.8329,25.8229,26.4956
158,2021-10-07,0.0,2021-10-07 14:00:00,0.0,0.0,0.0,0.0,0.0,0.0,0.0,0.0,0.0,24.3058,24.9699,23.804,24.2859,24.4294,23.8165,25.159,23.8788,24.7895
159,2021-10-07,0.0,2021-10-07 15:00:00,0.0,0.0,0.0,0.0,0.0,0.0,0.0,0.0,0.0,23.6418,24.2044,23.2727,23.6587,23.7718,23.3381,24.3866,23.2907,24.1186
160,2021-10-07,0.0,2021-10-07 16:00:00,0.0,0.0,0.0,0.0,0.0,0.0,0.0,0.0,0.0,23.0067,23.5128,22.636,22.9551,23.2021,22.6631,23.653,22.7422,23.4148
161,2021-10-07,0.0,2021-10-07 17:00:00,0.0,0.0,0.0,0.0,0.0,0.0,0.0,0.0,0.0,22.6971,23.2748,22.3254,22.5919,22.9581,22.3512,23.288,22.4663,23.2226
162,2021-10-07,0.0,2021-10-07 18:00:00,0.0,0.0,0.0,0.0,0.0,0.0,0.0,0.0,0.0,22.3604,22.8746,22.0424,22.2609,22.6266,22.0696,22.9002,22.186,22.8724
163,2021-10-07,0.0,2021-10-07 19:00:00,0.0,0.0,0.0,0.0,0.0,0.0,0.0,0.0,0.0,21.9925,22.4419,21.6348,21.7071,22.2582,21.3899,22.5153,21.8364,22.4072
164,2021-10-07,0.0,2021-10-07 20:00:00,0.0,0.0,0.0,0.0,0.0,0.0,0.0,0.0,1.19282e-09,21.0633,21.7065,20.9142,21.0275,21.2731,20.9428,21.9022,20.9782,21.7514
165,2021-10-07,0.0,2021-10-07 21:00:00,0.0586972,0.0455828,0.0561135,0.0181996,0.102736,0.0250089,0.0113166,0.10816,0.0721895,20.8525,21.4796,20.7486,20.8528,21.1439,20.8581,21.5197,20.7825,21.649
166,2021-10-07,0.0,2021-10-07 22:00:00,1.8106,1.74275,1.7959,1.70843,2.02242,1.49147,1.76347,2.23209,1.78689,20.4116,21.2014,20.2271,20.4084,20.7289,20.3383,21.2531,20.3918,21.3515
167,2021-10-07,0.0,2021-10-07 23:00:00,3.29145,3.18093,2.89411,3.6281,2.94612,2.90986,3.43564,3.06302,2.65784,19.9272,20.6401,19.7905,19.8814,20.2505,19.8661,20.6409,19.9633,20.8094
168,2021-10-08,0.0,2021-10-08 00:00:00,0.0,0.0,0.0,0.0,0.0,0.0,0.0,0.0,0.0,20.4302,20.4269,20.4333,20.4352,20.4248,20.4405,20.4297,20.4256,20.4237
169,2021-10-08,0.0,2021-10-08 01:00:00,0.0,0.0,0.0,0.0,0.0,0.0,0.0,0.0,0.0,19.5,19.9838,19.4076,19.447,19.8647,19.4862,19.9641,19.5359,20.1528
170,2021-10-08,0.0,2021-10-08 02:00:00,0.0,0.0,0.0,0.0,0.0,0.0,0.0,0.0,0.0,19.4244,19.9093,19.2997,19.3759,19.7988,19.3823,19.9019,19.4236,20.0817
171,2021-10-08,0.0,2021-10-08 03:00:00,0.0369237,0.109026,1.46574e-06,0.0240328,0.00577973,6.92211e-06,0.127061,8.32626e-08,0.0258158,19.3669,19.8289,19.2288,19.3181,19.7245,19.3102,19.8201,19.3534,19.9993
172,2021-10-08,0.0,2021-10-08 04:00:00,1.86265e-08,0.000411369,3.38662e-09,3.35276e-08,0.0,2.94641e-07,0.00180036,2.13163e-14,0.0,19.3631,19.8081,19.1936,19.3028,19.6907,19.2645,19.7964,19.3262,19.9764
173,2021-10-08,0.0,2021-10-08 05:00:00,0.0,0.0,0.0,0.0,0.0,0.0,0.0,0.0,0.0,19.3347,19.7737,19.1498,19.2559,19.6357,19.2303,19.7588,19.2781,19.9338
174,2021-10-08,0.0,2021-10-08 06:00:00,0.0,0.0,0.0,0.0,0.0,0.0,0.0,0.0,0.0,19.2418,19.7019,19.0623,19.166,19.5379,19.1381,19.6881,19.1935,19.8625
175,2021-10-08,0.0,2021-10-08 07:00:00,0.0,0.0,0.0,0.0,0.0,0.0,0.0,0.0,0.0,19.2305,19.7254,19.071,19.1377,19.5193,19.1375,19.6925,19.2033,19.8911
176,2021-10-08,0.0,2021-10-08 08:00:00,0.0,0.0,0.0,0.0,0.0,0.0,0.0,0.0,0.0,19.1594,19.7435,19.0479,19.0643,19.4361,19.0999,19.6962,19.2029,19.9184
177,2021-10-08,0.0,2021-10-08 09:00:00,0.0,0.0,0.0,0.0,0.0,0.0,0.0,0.0,0.0,18.9482,19.778,18.8867,18.8708,19.2102,18.8817,19.7399,19.0771,19.9574
178,2021-10-08,0.0,2021-10-08 10:00:00,0.0,0.0,0.0,0.0,0.0,0.0,0.0,0.0,0.0,19.3265,19.7558,19.1891,19.236,19.702,19.2576,19.5535,19.3873,19.9998
179,2021-10-08,0.0,2021-10-08 11:00:00,0.0,0.0,0.0,0.0,0.0,0.0,0.0,0.0,0.0,19.486,19.7545,19.3858,19.391,20.0029,19.5983,19.655,19.5708,20.1664
180,2021-10-08,0.0,2021-10-08 12:00:00,0.196398,0.0284919,0.157954,0.0127294,0.232422,0.00530032,0.00390118,0.249182,0.0372493,20.3294,21.0048,19.9926,20.6715,20.615,20.2546,21.0714,20.0212,21.1305
181,2021-10-08,0.0,2021-10-08 13:00:00,0.31734,0.343643,0.160495,0.0192686,0.519192,0.00533035,0.111301,0.273714,0.390122,20.3371,20.7171,20.273,20.5127,20.5292,20.2642,20.7031,20.5885,20.8398
182,2021-10-08,0.0,2021-10-08 14:00:00,0.31734,0.343643,0.160495,0.0192686,0.519192,0.00533035,0.111301,0.273714,0.390122,21.2939,21.6723,20.9807,21.1656,21.7317,20.9474,21.6222,21.1701,21.8987
183,2021-10-08,0.0,2021-10-08 15:00:00,0.120942,0.315151,0.00254177,0.00653921,0.286769,3.00277e-05,0.1074,0.0245316,0.352873,21.5522,21.8865,21.239,21.3419,21.9373,21.2333,21.7949,21.4034,22.1053
184,2021-10-08,0.0,2021-10-08 16:00:00,0.0,0.0,0.0,0.0,0.0,0.0,0.0,0.0,0.0,21.6375,22.0966,21.322,21.5554,21.9995,21.3955,22.0717,21.4606,22.2393
185,2021-10-08,0.0,2021-10-08 17:00:00,0.0,0.0,0.0,0.0,0.0,0.0,0.0,0.0,0.0,21.4279,21.9295,21.1749,21.3311,21.858,21.1982,21.8799,21.4012,22.1159
186,2021-10-08,0.0,2021-10-08 18:00:00,0.0,0.0,0.0,0.0,0.0,0.0,0.0,0.0,0.0,20.7652,21.3524,20.4918,20.6964,21.3289,20.625,21.359,20.6621,21.6024
187,2021-10-08,0.0,2021-10-08 19:00:00,0.0,0.0,0.0,0.0,0.0,0.0,0.0,0.0,0.0,19.6613,20.5244,19.5084,19.6076,19.9991,19.5647,20.5259,19.7046,20.685
188,2021-10-08,0.0,2021-10-08 20:00:00,0.0,0.0,0.0,0.0,0.0,0.0,0.0,0.0,0.0,19.4566,20.2053,19.3243,19.373,19.8021,19.3719,20.2024,19.4937,20.3843
189,2021-10-08,0.0,2021-10-08 21:00:00,0.0,0.0,0.0,2.45869e-07,0.0,0.0,2.98023e-08,0.0,0.0,19.4291,20.0813,19.2625,19.3593,19.7385,19.3146,20.0494,19.4029,20.2495
190,2021-10-08,0.0,2021-10-08 22:00:00,0.0476073,0.0150064,0.0247896,0.0279024,0.0428504,0.0133014,0.00910464,0.0295969,0.0144624,18.9214,19.5908,18.8517,18.8576,19.265,18.8817,19.539,19.0401,19.7727
191,2021-10-08,0.0,2021-10-08 23:00:00,0.0517206,0.0178964,0.0251569,0.0291667,0.0468675,0.0140072,0.00916669,0.0297362,0.0189054,18.8271,19.4452,18.7126,18.7849,19.1601,18.7646,19.4031,18.9098,19.6323
192,2021-10-09,0.0,2021-10-09 00:00:00,0.0,0.0,0.0,0.0,0.0,0.0,0.0,0.0,0.0,20.1316,20.1471,20.1164,20.1262,20.1364,20.1118,20.1408,20.1204,20.1526
193,2021-10-09,0.0,2021-10-09 01:00:00,0.0,0.0,0.0,0.0,0.0,0.0,0.0,0.0,0.0,18.6152,19.1695,18.4967,18.5381,18.9478,18.5352,19.0818,18.673,19.363
194,2021-10-09,0.0,2021-10-09 02:00:00,0.0,0.0,0.0,0.0,0.0,0.0,0.0,0.0,0.0,18.6522,19.1636,18.4327,18.5683,18.9368,18.4954,19.0913,18.5963,19.3637
195,2021-10-09,0.0,2021-10-09 03:00:00,0.0,0.0,0.0,0.0,0.0,0.0,0.0,0.0,0.0,18.6935,19.2445,18.5072,18.6128,19.0016,18.5347,19.2014,18.6901,19.4203
196,2021-10-09,0.0,2021-10-09 04:00:00,0.0,0.0,0.0,0.0,0.0,0.0,0.0,0.0,0.0,18.698,19.2343,18.5017,18.6224,18.9887,18.5435,19.1755,18.6688,19.42
197,2021-10-09,0.0,2021-10-09 05:00:00,0.0,0.0,0.0,0.0,0.0,0.0,0.0,0.0,0.0,18.7135,19.2191,18.525,18.6236,19.0122,18.5947,19.1439,18.6633,19.4221
198,2021-10-09,0.0,2021-10-09 06:00:00,0.0,0.0,0.0,0.0,0.0,0.0,0.0,0.0,0.0,18.7887,19.3227,18.6281,18.7146,19.0765,18.6868,19.2534,18.7803,19.5121
199,2021-10-09,0.0,2021-10-09 07:00:00,0.0,0.0,0.0,0.0,0.0,0.0,0.0,0.0,0.0,18.8374,19.4082,18.591,18.7552,19.1186,18.6427,19.3312,18.7469,19.6084
200,2021-10-09,0.0,2021-10-09 08:00:00,1.90633e-08,0.000163638,7.20772e-09,2.51904e-07,6.43178e-09,6.83759e-07,2.74982e-05,1.15775e-09,1.91746e-05,18.7327,19.3462,18.5338,18.6577,19.0065,18.591,19.2686,18.6935,19.5479
201,2021-10-09,0.0,2021-10-09 09:00:00,0.0041389,0.00876247,0.000363064,6.72166e-05,0.00759259,6.8726e-07,0.00219148,0.00151278,0.0117363,18.6783,19.2577,18.4845,18.6235,18.9508,18.5221,19.1911,18.6591,19.4563
202,2021-10-09,0.0,2021-10-09 10:00:00,0.0041389,0.00876247,0.000363064,6.72166e-05,0.00759259,6.8726e-07,0.00219148,0.00151278,0.0117363,18.7921,19.2312,18.6557,18.7209,19.111,18.7138,19.1498,18.8336,19.4329
203,2021-10-09,0.0,2021-10-09 11:00:00,0.00413888,0.00859883,0.000363057,6.69647e-05,0.00759258,3.50104e-09,0.00216398,0.00151278,0.0117171,19.1726,19.5038,18.9741,19.1068,19.4926,19.0472,19.4568,19.1191,19.6844
204,2021-10-09,0.0,2021-10-09 12:00:00,1.11759e-08,8.66018e-05,4.13274e-09,0.0,7.03149e-08,0.0,6.65896e-08,2.37487e-08,0.000851235,19.3141,19.7129,19.0909,19.2441,19.6368,19.1552,19.6735,19.2412,19.8857
205,2021-10-09,0.0,2021-10-09 13:00:00,3.27225e-05,0.00313852,1.97939e-05,3.59105e-07,0.000167458,5.02238e-05,0.000146039,2.71967e-05,0.00846487,19.1596,19.5881,18.9942,19.0882,19.499,19.0668,19.5337,19.1401,19.7893
206,2021-10-09,0.0,2021-10-09 14:00:00,3.27225e-05,0.00313855,1.97939e-05,3.59105e-07,0.000167458,5.02239e-05,0.000146039,2.72037e-05,0.00847081,19.5161,19.7532,19.3607,19.4451,19.8473,19.4457,19.7071,19.4939,19.9411
207,2021-10-09,0.0,2021-10-09 15:00:00,3.27113e-05,0.00305195,1.97898e-05,3.59105e-07,0.000167388,5.02239e-05,0.000145973,2.718e-05,0.00761958,19.8956,20.1451,19.7884,19.837,20.2106,19.8868,20.1071,19.8912,20.3361
208,2021-10-09,0.0,2021-10-09 16:00:00,0.0,3.53903e-08,0.0,0.0,0.0,1.45519e-11,0.0,6.98492e-09,5.94184e-06,20.3481,20.5041,20.3655,20.2152,20.7006,20.3713,20.4659,20.5526,20.6824
209,2021-10-09,0.0,2021-10-09 17:00:00,1.74716e-06,0.000125138,1.40572e-08,2.80167e-06,6.18398e-07,2.43017e-08,0.00029628,1.07102e-08,7.90376e-05,20.0703,20.5891,19.8885,19.9761,20.4545,19.9112,20.5225,20.0985,20.7947
210,2021-10-09,0.0,2021-10-09 18:00:00,0.00802239,0.0552612,0.000105654,0.0054957,0.00898703,0.000238433,0.0418971,0.000949888,0.0665137,19.5389,20.0731,19.3945,19.4721,19.8661,19.4677,20.0124,19.5536,20.2711
211,2021-10-09,0.0,2021-10-09 19:00:00,0.00802258,0.0556925,0.000105662,0.00549735,0.00898726,0.000238441,0.0421073,0.000949894,0.0670955,19.319,19.896,19.1224,19.2508,19.6398,19.2037,19.8355,19.2723,20.0904
212,2021-10-09,0.0,2021-10-09 20:00:00,0.00802083,0.0555673,0.000105648,0.00549455,0.00898664,0.000238417,0.041811,0.000949883,0.0670165,18.9512,19.5625,18.8165,18.8634,19.2837,18.843,19.4923,19.0161,19.7641
213,2021-10-09,0.0,2021-10-09 21:00:00,1.90921e-07,0.000431322,8.73115e-09,1.65682e-06,2.2538e-07,7.47968e-09,0.000210188,6.51926e-09,0.000581846,18.7061,19.259,18.5123,18.6082,19.0254,18.5526,19.1877,18.678,19.4613
214,2021-10-09,0.0,2021-10-09 22:00:00,0.00011443,9.35048e-06,0.00143358,0.000364587,1.63373e-05,0.00223206,8.98913e-05,0.00107156,0.0,18.425,18.9423,18.1575,18.3157,18.7591,18.1944,18.8701,18.3335,19.151
215,2021-10-09,0.0,2021-10-09 23:00:00,0.0384912,0.0318422,0.0679658,0.0452124,0.0347754,0.0872669,0.0330085,0.055251,0.0310827,18.0027,18.5405,17.7142,17.8967,18.3398,17.743,18.4551,17.9214,18.7532
216,2021-10-10,0.0,2021-10-10 00:00:00,0.0,0.0,0.0,0.0,0.0,0.0,0.0,0.0,0.0,19.6993,19.7188,19.6798,19.6946,19.7032,19.6759,19.7135,19.6831,19.7235
217,2021-10-10,0.0,2021-10-10 01:00:00,0.0,0.0,0.0,0.0,0.0,0.0,0.0,0.0,0.0,18.1697,18.6922,17.9231,18.0421,18.5164,17.9239,18.6347,18.1097,18.8789
218,2021-10-10,0.0,2021-10-10 02:00:00,0.0,0.0,0.0,0.0,0.0,0.0,0.0,0.0,0.0,18.2123,18.6593,17.9941,18.0992,18.544,18.0458,18.5857,18.1613,18.8602
219,2021-10-10,0.0,2021-10-10 03:00:00,6.92198e-10,3.84482e-11,9.70624e-09,1.01726e-08,0.0,5.09103e-09,6.06735e-09,4.28242e-11,1.15745e-13,18.2814,18.672,18.0425,18.1846,18.603,18.103,18.6196,18.1989,18.8599
220,2021-10-10,0.0,2021-10-10 04:00:00,0.318522,0.272637,0.304991,0.281055,0.315411,0.256644,0.268201,0.288728,0.266616,17.8485,18.4052,17.6508,17.7678,18.1837,17.7543,18.3122,17.8197,18.6247
221,2021-10-10,0.0,2021-10-10 05:00:00,0.627945,0.566251,0.606861,0.591497,0.614936,0.555246,0.558322,0.589076,0.55947,17.5468,18.1836,17.4084,17.5012,17.8627,17.5005,18.0995,17.6263,18.3929
222,2021-10-10,0.0,2021-10-10 06:00:00,0.678788,0.619996,0.643612,0.639723,0.66122,0.594874,0.615839,0.624247,0.599485,17.6769,18.4109,17.5155,17.629,17.999,17.5475,18.3553,17.7509,18.5904
223,2021-10-10,0.0,2021-10-10 07:00:00,1.30242,1.24034,1.1879,1.25674,1.27897,1.15111,1.15863,1.1839,1.26906,17.7809,18.4009,17.5955,17.7402,18.0605,17.6463,18.3708,17.7694,18.5421
224,2021-10-10,1.0,2021-10-10 08:00:00,1.62822,1.57117,1.49918,1.57362,1.6143,1.4647,1.48022,1.52574,1.60547,17.6733,18.2927,17.5061,17.6233,17.9589,17.5691,18.2274,17.6946,18.4731
225,2021-10-10,1.0,2021-10-10 09:00:00,3.7128,3.69751,3.57333,3.64371,3.73817,3.48146,3.60677,3.67977,3.76743,17.6045,18.0393,17.4696,17.5607,17.8813,17.5157,17.9879,17.6327,18.23
226,2021-10-10,0.0,2021-10-10 10:00:00,4.55763,4.56625,4.55019,4.50125,4.59656,4.44705,4.55094,4.69148,4.6024,17.605,18.0881,17.4248,17.5711,17.8546,17.4991,18.0494,17.5856,18.2417
227,2021-10-10,0.0,2021-10-10 11:00:00,5.80649,5.8589,5.7578,5.75286,5.83915,5.62883,5.86589,5.89851,5.88729,17.7098,18.0451,17.6028,17.6259,18.0192,17.6662,17.9693,17.7362,18.2504
228,2021-10-10,0.0,2021-10-10 12:00:00,4.07489,4.04233,4.07548,4.03829,4.07449,3.9466,4.10065,4.17113,4.02165,17.9407,18.3058,17.7831,17.8556,18.2721,17.9055,18.2461,17.9025,18.5047
229,2021-10-10,0.0,2021-10-10 13:00:00,2.38983,2.38205,2.37096,2.39796,2.38391,2.29311,2.45512,2.43409,2.35485,18.2599,18.6792,18.0281,18.1586,18.589,18.1207,18.6248,18.1562,18.8739
230,2021-10-10,0.0,2021-10-10 14:00:00,0.924742,0.894841,0.95609,0.943417,0.954628,0.919508,0.934623,1.01307,0.922462,18.5255,18.8946,18.3901,18.4658,18.8102,18.4939,18.864,18.5064,19.079
231,2021-10-10,0.0,2021-10-10 15:00:00,1.6404,1.63232,1.51465,1.79837,1.54398,1.62992,1.74895,1.5025,1.58166,18.838,19.1374,18.6475,18.769,19.1208,18.7226,19.0929,18.7945,19.3173
232,2021-10-10,0.0,2021-10-10 16:00:00,2.20524,2.35253,1.93069,2.38441,2.05697,2.04755,2.54702,1.90407,2.20059,18.8924,19.369,18.6462,18.7972,19.2105,18.6917,19.3066,18.81,19.5441
233,2021-10-10,0.0,2021-10-10 17:00:00,2.24737,2.31989,1.9963,2.30527,2.04251,1.94454,2.46318,1.9799,2.09761,18.6975,19.242,18.4788,18.6103,19.0067,18.5381,19.1744,18.6206,19.4463
234,2021-10-10,0.0,2021-10-10 18:00:00,1.57773,1.70714,1.34548,1.36231,1.69045,1.05968,1.64384,1.54869,1.73205,18.4826,18.9981,18.3105,18.4248,18.7704,18.3845,18.9457,18.4553,19.1885
235,2021-10-10,0.0,2021-10-10 19:00:00,1.41206,1.27659,1.29338,1.11767,1.52291,0.95719,1.15356,1.47868,1.30872,18.3845,19.0255,18.1732,18.3164,18.6915,18.2235,18.9641,18.348,19.1967
236,2021-10-10,0.0,2021-10-10 20:00:00,1.0596,1.00508,0.899529,0.908563,1.17257,0.760797,0.961958,1.02952,1.03802,18.077,18.8061,17.895,18.0173,18.3821,17.938,18.7161,18.0931,19.0165
237,2021-10-10,0.0,2021-10-10 21:00:00,0.611207,0.520675,0.564362,0.594296,0.531178,0.56354,0.551472,0.510041,0.411249,18.0027,18.6734,17.8815,17.9727,18.3102,17.9716,18.5904,18.0454,18.8896
238,2021-10-10,0.0,2021-10-10 22:00:00,0.260032,0.257896,0.267195,0.282824,0.249311,0.308621,0.284805,0.255999,0.228452,18.0103,18.6299,17.8531,17.9523,18.3154,17.8996,18.5633,18.0365,18.8215
239,2021-10-10,2.0,2021-10-10 23:00:00,0.513237,0.359611,0.588997,0.563548,0.486917,0.639051,0.475307,0.561911,0.317446,18.0378,18.6315,17.822,17.971,18.34,17.8723,18.5627,17.9866,18.8293
240,2021-10-11,0.0,2021-10-11 00:00:00,0.0,0.0,0.0,0.0,0.0,0.0,0.0,0.0,0.0,19.3554,19.3264,19.3841,19.3594,19.3506,19.3889,19.3295,19.3785,19.3224
241,2021-10-11,0.0,2021-10-11 01:00:00,0.0,0.0,0.0,0.0,0.0,0.0,0.0,0.0,0.0,18.2885,18.5986,17.9805,18.1975,18.6359,18.0471,18.558,18.1611,18.7663
242,2021-10-11,0.0,2021-10-11 02:00:00,0.0,0.0,0.0,0.0,0.0,0.0,0.0,0.0,0.0,18.2324,18.6256,18.0359,18.1477,18.5812,18.0778,18.5954,18.2347,18.8011
243,2021-10-11,0.0,2021-10-11 03:00:00,1.77378,1.55504,1.68193,1.84338,1.5972,1.98097,1.48802,1.3677,1.59806,17.9837,18.5177,17.7509,17.9166,18.2928,17.8048,18.4716,17.9316,18.687
244,2021-10-11,0.0,2021-10-11 04:00:00,3.55398,3.26904,3.36373,3.47823,3.37052,3.6801,3.04531,2.90926,3.45628,18.0369,18.5132,17.8075,17.9692,18.3437,17.8657,18.476,17.9834,18.6834
245,2021-10-11,0.0,2021-10-11 05:00:00,3.47096,3.14136,3.38971,3.32814,3.38839,3.6215,2.94184,3.02077,3.38392,17.9958,18.6282,17.7928,17.9476,18.3049,17.8498,18.6026,17.9827,18.7891
246,2021-10-11,0.0,2021-10-11 06:00:00,2.85858,2.70658,2.89464,2.80688,2.79836,3.09399,2.58836,2.66778,2.81735,18.1323,18.6097,17.9744,18.0701,18.4394,18.0534,18.5589,18.1274,18.79
247,2021-10-11,0.0,2021-10-11 07:00:00,2.51239,2.74599,2.63449,2.51722,2.51481,2.75888,2.64654,2.60746,2.72447,18.1773,18.5644,18.0063,18.1325,18.4469,18.0927,18.5314,18.1334,18.7279
248,2021-10-11,0.0,2021-10-11 08:00:00,4.72956,5.05001,4.76049,4.77179,4.56681,4.98805,5.05574,4.53108,4.83959,17.8988,18.3793,17.7334,17.8287,18.197,17.7923,18.3074,17.8993,18.5769
249,2021-10-11,0.0,2021-10-11 09:00:00,6.40758,6.64764,6.44411,6.23049,6.35329,6.32273,6.60175,6.3344,6.48408,17.2839,17.7353,17.1812,17.2097,17.5981,17.2879,17.6706,17.3022,17.9432
250,2021-10-11,0.0,2021-10-11 10:00:00,5.98058,5.9323,6.00785,5.87315,5.871,5.86854,6.06151,5.88652,5.69765,17.161,17.7004,17.087,17.1111,17.4624,17.2192,17.6448,17.1851,17.891
251,2021-10-11,0.0,2021-10-11 11:00:00,3.94712,3.88443,3.99535,3.83536,3.94561,3.75131,3.94823,4.06636,3.748,17.5702,18.0682,17.5019,17.5241,17.8711,17.6315,18.0009,17.5992,18.2748
252,2021-10-11,0.0,2021-10-11 12:00:00,1.87295,1.92174,1.89601,1.83646,1.75877,1.80596,1.92206,1.8651,1.72843,18.0487,18.4621,17.958,18.0161,18.3156,18.0542,18.4341,18.0747,18.6327
253,2021-10-11,0.0,2021-10-11 13:00:00,1.22349,1.19504,1.3722,1.19031,1.05221,1.37043,1.12681,1.2216,1.02593,18.153,18.5986,17.9124,18.0966,18.4285,18.0068,18.5558,18.0134,18.7539
254,2021-10-11,0.0,2021-10-11 14:00:00,1.39798,1.29983,1.64303,1.55223,1.08171,1.78467,1.47199,1.32999,1.00221,18.5251,18.8375,18.3445,18.4429,18.8422,18.4097,18.7808,18.4909,19.0327
255,2021-10-11,0.0,2021-10-11 15:00:00,2.16387,2.0685,2.33513,2.58535,1.62608,2.64653,2.56283,1.86652,1.52101,18.6855,19.0322,18.4517,18.6599,18.9432,18.5668,19.0326,18.5523,19.1797
256,2021-10-11,0.0,2021-10-11 16:00:00,2.10799,2.06822,2.20233,2.5805,1.57361,2.54496,2.61355,1.74002,1.50601,18.9821,19.4796,18.7749,18.9122,19.2775,18.8559,19.4483,18.8877,19.6404
257,2021-10-11,0.0,2021-10-11 17:00:00,1.80978,1.91906,1.77467,2.05712,1.45955,1.96934,2.18229,1.46723,1.54151,19.2769,19.7058,18.9971,19.1733,19.5892,19.0419,19.6524,19.1271,19.9143
258,2021-10-11,0.0,2021-10-11 18:00:00,0.883622,0.970077,1.04477,0.9108,0.83906,1.15113,0.947134,0.912245,0.931772,19.0726,19.5148,18.8513,18.9774,19.3723,18.8937,19.4058,19.0146,19.7368
259,2021-10-11,0.0,2021-10-11 19:00:00,3.16876,3.08009,3.47689,3.18038,3.07402,3.59709,3.05338,3.26365,2.97606,18.1362,18.7326,17.8971,18.0605,18.442,17.9525,18.6414,18.0608,18.9533
260,2021-10-11,0.0,2021-10-11 20:00:00,3.31855,3.16166,3.67273,3.35237,3.20481,3.811,3.16308,3.45408,3.02798,17.8226,18.5419,17.6386,17.7383,18.1583,17.7066,18.467,17.8158,18.7505
261,2021-10-11,0.0,2021-10-11 21:00:00,2.92925,2.80777,3.09075,2.96119,2.80932,3.17579,2.8245,2.92902,2.66245,17.589,18.3285,17.4834,17.524,17.9278,17.5781,18.2388,17.6357,18.5405
262,2021-10-11,0.0,2021-10-11 22:00:00,0.342445,0.386671,0.32984,0.354763,0.325916,0.357105,0.387554,0.314245,0.356758,17.7939,18.582,17.4798,17.7356,18.1196,17.5217,18.4951,17.7227,18.7795
263,2021-10-11,0.0,2021-10-11 23:00:00,8.58307e-05,0.0,0.000209808,0.0,0.000156403,0.0,0.0,0.00101852,0.0,17.7697,18.5869,17.5385,17.7488,18.0926,17.6046,18.5271,17.7798,18.7683
264,2021-10-12,0.0,2021-10-12 00:00:00,0.0,0.0,0.0,0.0,0.0,0.0,0.0,0.0,0.0,19.2431,19.1906,19.295,19.2441,19.2419,19.2975,19.1901,19.2923,19.191
265,2021-10-12,0.0,2021-10-12 01:00:00,0.0,0.0,0.0,0.0,0.0,0.0,0.0,0.0,0.0,17.5766,18.2491,17.3613,17.5325,17.9382,17.4296,18.1819,17.6229,18.4163
266,2021-10-12,0.0,2021-10-12 02:00:00,0.0,0.0,0.0,0.0,0.0,0.0,0.0,0.0,0.0,17.2428,18.0003,17.0008,17.1963,17.6273,17.0817,17.9221,17.3096,18.19
267,2021-10-12,0.0,2021-10-12 03:00:00,0.0,0.0,0.0,0.0,0.0,0.0,0.0,0.0,0.0,17.0194,17.7357,16.8919,16.9761,17.4363,16.9883,17.6623,17.1658,17.9416
268,2021-10-12,0.0,2021-10-12 04:00:00,0.0,0.0,0.0,0.0,0.0,0.0,0.0,0.0,0.0,17.1398,17.8203,17.0796,17.174,17.4946,17.197,17.7892,17.3163,18.0189
269,2021-10-12,0.0,2021-10-12 05:00:00,0.0,0.0,0.0,0.0,0.0,0.0,0.0,0.0,0.0,17.0548,17.8284,17.1293,17.1157,17.4779,17.279,17.7728,17.3433,18.0503
270,2021-10-12,0.0,2021-10-12 06:00:00,0.0,0.0,0.0,0.0,0.0,0.0,0.0,0.0,0.0,16.487,17.7224,16.4569,15.925,17.3274,16.5594,17.5681,17.0586,17.9901
271,2021-10-12,0.0,2021-10-12 07:00:00,0.0,0.0,0.0,0.0,0.0,0.0,0.0,0.0,0.0,17.4193,17.9931,17.4488,17.334,17.9015,17.5463,17.8443,17.7731,18.1664
272,2021-10-12,0.0,2021-10-12 08:00:00,1.29947e-05,1.6705e-06,3.36293e-05,0.000396738,1.13917e-08,0.000778063,0.000147528,1.28512e-08,8.20548e-09,17.491,18.1743,17.3885,17.3209,17.9958,17.5209,18.065,17.6714,18.3902
273,2021-10-12,0.0,2021-10-12 09:00:00,0.000111133,0.00021116,6.56458e-05,0.00132125,1.67209e-06,0.00137107,0.00143224,8.64841e-08,2.55332e-05,17.638,18.2185,16.5253,17.1567,18.182,16.2375,18.1805,17.6745,18.4492
274,2021-10-12,0.0,2021-10-12 10:00:00,0.277972,0.416096,0.128045,0.389531,0.150115,0.211441,0.411356,0.0695988,0.270613,18.124,18.4875,17.9815,18.0579,18.4658,18.0796,18.4989,18.1705,18.6659
275,2021-10-12,0.0,2021-10-12 11:00:00,0.520473,0.571371,0.371339,0.628891,0.321436,0.588497,0.464705,0.20325,0.451634,18.9,19.2181,18.6577,18.7887,19.2396,18.6441,19.1817,18.8681,19.4011
276,2021-10-12,0.0,2021-10-12 12:00:00,0.699781,0.799551,0.474307,0.851298,0.456954,0.730452,0.694071,0.276383,0.653057,19.3396,19.7624,19.2166,19.3174,19.6769,19.3665,19.7044,19.3344,19.9622
277,2021-10-12,0.0,2021-10-12 13:00:00,0.42192,0.383666,0.346328,0.463088,0.306841,0.520382,0.284147,0.206784,0.38247,21.1219,21.4144,20.7563,21.062,21.4339,20.7882,21.3492,20.8905,21.431
278,2021-10-12,0.0,2021-10-12 14:00:00,0.290946,0.336563,0.204576,0.354003,0.228678,0.267222,0.349581,0.153274,0.297609,20.8894,21.4142,20.7681,20.9081,21.1095,21.1394,21.4293,20.8364,21.4391
279,2021-10-12,0.0,2021-10-12 15:00:00,0.138972,0.175122,0.114922,0.189805,0.106469,0.149361,0.26045,0.100513,0.123958,20.9012,21.5106,20.7551,20.7957,21.6738,20.8815,21.5016,21.101,21.7912
280,2021-10-12,0.0,2021-10-12 16:00:00,0.198834,0.241393,0.158908,0.215611,0.194503,0.168175,0.290959,0.196167,0.221572,20.5759,21.051,20.5328,20.7399,20.7918,20.8372,21.1544,20.61,21.1602
281,2021-10-12,0.0,2021-10-12 17:00:00,0.120344,0.161636,0.0896068,0.127057,0.123676,0.0848525,0.202403,0.140521,0.146849,20.9832,21.5385,20.9341,20.779,21.2671,20.9614,21.8106,20.9526,21.6329
282,2021-10-12,0.0,2021-10-12 18:00:00,0.0929118,0.0946932,0.0762607,0.0679438,0.110367,0.0601656,0.061022,0.120149,0.119052,20.3836,20.9263,20.208,20.2702,20.7463,20.2637,20.9504,20.3589,21.0996
283,2021-10-12,0.0,2021-10-12 19:00:00,0.0330491,0.0284219,0.0322747,0.0421377,0.0223321,0.0413514,0.030513,0.0244952,0.0214372,20.2083,20.3172,19.8086,19.4722,20.1198,19.5529,20.1747,19.7087,20.4892
284,2021-10-12,0.0,2021-10-12 20:00:00,0.0,6.31809e-06,0.0,1.93119e-05,0.0,0.0,0.000137568,0.0,0.0,19.4615,20.2108,19.2341,19.3494,19.8387,19.2845,20.1286,19.4372,20.4022
285,2021-10-12,0.0,2021-10-12 21:00:00,0.0,0.0,0.0,0.0,0.0,0.0,0.0,0.0,0.0,19.2614,19.7429,19.0575,19.1606,19.5876,19.1107,19.6788,19.2229,19.9299
286,2021-10-12,0.0,2021-10-12 22:00:00,0.0,0.0,0.0,0.0,0.0,0.0,0.0,0.0,0.0,18.3571,19.1405,18.1757,18.3835,18.7217,18.3055,19.0862,18.4042,19.3483
287,2021-10-12,0.0,2021-10-12 23:00:00,0.0,0.0,0.0,0.0,0.0,0.0,0.0,0.0,0.0,18.2195,19.0533,17.9407,18.2906,18.4894,18.129,19.0623,18.0745,19.2073
288,2021-10-13,0.0,2021-10-13 00:00:00,0.0,0.0,0.0,0.0,0.0,0.0,0.0,0.0,0.0,19.7643,19.7374,19.791,19.7587,19.7694,19.7872,19.73,19.7943,19.7444
289,2021-10-13,0.0,2021-10-13 01:00:00,0.0,0.0,0.0,0.0,0.0,0.0,0.0,0.0,0.0,16.6386,18.5643,16.8991,16.7685,16.9541,17.3353,18.452,16.7416,18.7848
290,2021-10-13,0.0,2021-10-13 02:00:00,0.0,0.0,0.0,0.0,0.0,0.0,0.0,0.0,0.0,16.9026,17.9041,16.7932,16.9178,17.1442,17.09,17.6632,16.4379,18.2973
291,2021-10-13,0.0,2021-10-13 03:00:00,0.0,0.0,0.0,0.0,0.0,0.0,0.0,0.0,0.0,17.1159,17.4648,17.0512,17.1312,17.358,17.2993,17.3396,17.2724,17.6663
292,2021-10-13,0.0,2021-10-13 04:00:00,0.0,0.0,0.0,0.0,0.0,0.0,0.0,0.0,0.0,17.243,17.8981,17.3873,17.1057,17.7777,17.5724,17.725,17.6297,18.1863
293,2021-10-13,0.0,2021-10-13 05:00:00,0.0,0.0,0.0,0.0,0.0,0.0,0.0,0.0,0.0,17.7521,18.0794,17.7925,17.7297,18.1217,17.9286,18.0356,17.9806,18.2823
294,2021-10-13,0.0,2021-10-13 06:00:00,0.0,0.0,0.0,0.0,0.0,0.0,0.0,0.0,0.0,17.31,17.9602,17.5396,17.1674,17.9191,17.7345,17.7865,17.8192,18.2761
295,2021-10-13,0.0,2021-10-13 07:00:00,0.0,0.0,0.0,0.0,0.0,0.0,0.0,0.0,0.0,17.6825,18.059,17.9886,17.7833,18.1526,18.1937,17.9965,18.1778,18.3846
296,2021-10-13,0.0,2021-10-13 08:00:00,0.0,0.0,0.0,0.0,0.0,0.0,0.0,0.0,0.0,17.5675,18.076,17.8787,17.5063,18.1823,18.0676,17.9165,18.1804,18.4087
297,2021-10-13,0.0,2021-10-13 09:00:00,0.0,0.0,0.0,0.0,0.0,0.0,0.0,0.0,0.0,17.8847,18.2395,17.9893,17.7455,18.3815,18.1701,18.0228,18.2111,18.5781
298,2021-10-13,0.0,2021-10-13 10:00:00,0.0,0.0,0.0,0.0,0.0,0.0,0.0,0.0,0.0,19.8356,19.8735,19.7966,19.8571,20.1104,19.9893,19.9195,19.8882,20.0163
299,2021-10-13,0.0,2021-10-13 11:00:00,0.0,0.0,0.0,0.0,0.0,0.0,0.0,0.0,0.0,22.0468,22.1362,21.9775,22.0414,22.3627,22.1104,22.1616,22.1349,22.2696
300,2021-10-13,0.0,2021-10-13 12:00:00,0.0,0.0,0.0,0.0,0.0,0.0,0.0,0.0,0.0,23.563,23.8295,23.3914,23.4828,23.9533,23.501,23.7652,23.5861,24.0479
301,2021-10-13,0.0,2021-10-13 13:00:00,0.0,0.0,0.0,0.0,0.0,0.0,0.0,0.0,0.0,24.8755,25.1822,24.6736,24.8153,25.2358,24.7844,25.1428,24.8616,25.3502
302,2021-10-13,0.0,2021-10-13 14:00:00,0.0,0.0,0.0,0.0,0.0,0.0,0.0,0.0,0.0,26.2114,26.5583,25.9086,26.1515,26.594,26.0133,26.5404,26.0945,26.7551
303,2021-10-13,0.0,2021-10-13 15:00:00,4.23978e-10,2.18482e-13,5.42734e-09,6.48229e-10,2.52581e-09,1.64092e-07,1.63266e-09,1.06617e-08,1.80857e-11,24.9087,25.1151,24.4789,24.0888,25.5792,24.286,24.8732,24.2163,25.8453
304,2021-10-13,0.0,2021-10-13 16:00:00,1.70279e-08,2.04584e-07,5.42741e-09,6.78709e-10,6.21973e-08,1.64242e-07,4.72525e-09,1.06617e-08,5.53335e-07,25.026,25.8557,24.6122,24.903,25.4299,24.5927,25.7018,24.9358,26.1379
305,2021-10-13,0.0,2021-10-13 17:00:00,1.70701e-08,2.6847e-07,5.42741e-09,6.78709e-10,2.63464e-07,1.6433e-07,4.73187e-09,1.06617e-08,1.1429e-06,24.9983,25.785,24.5746,24.8655,25.4186,24.5386,25.598,24.9235,26.0722
306,2021-10-13,0.0,2021-10-13 18:00:00,1.66461e-08,2.6847e-07,6.92779e-14,3.04802e-11,2.60938e-07,2.38003e-10,3.09921e-09,6.4837e-14,1.14289e-06,24.61,25.4759,24.2949,24.5298,24.972,24.311,25.3219,24.592,25.7561
307,2021-10-13,0.0,2021-10-13 19:00:00,4.21938e-11,6.38865e-08,0.0,0.0,2.01266e-07,8.8491e-11,6.61959e-12,0.0,5.89569e-07,23.9449,24.9059,23.6656,23.8713,24.2905,23.6837,24.7685,23.9344,25.1787
308,2021-10-13,0.0,2021-10-13 20:00:00,0.0,0.0,0.0,0.0,0.0,0.0,0.0,0.0,0.0,23.0399,24.1041,22.7413,22.9727,23.3852,22.7815,23.9644,22.9884,24.3996
309,2021-10-13,0.0,2021-10-13 21:00:00,0.0,0.0,0.0,0.0,0.0,0.0,0.0,0.0,0.0,21.7902,23.5671,21.5016,21.7791,22.3112,21.4988,23.3798,21.9898,23.8345
310,2021-10-13,0.0,2021-10-13 22:00:00,0.0,0.0,0.0,0.0,0.0,0.0,0.0,0.0,0.0,21.0588,22.2733,20.4707,20.974,21.5799,20.6559,22.1435,21.0066,22.524
311,2021-10-13,0.0,2021-10-13 23:00:00,0.0,0.0,0.0,0.0,0.0,0.0,0.0,0.0,0.0,20.2747,21.3671,20.0737,20.1861,20.8294,20.2408,21.2246,20.4276,21.6069
312,2021-10-14,0.0,2021-10-14 00:00:00,0.0,0.0,0.0,0.0,0.0,0.0,0.0,0.0,0.0,21.1996,21.2218,21.1781,21.1649,21.2346,21.1454,21.1851,21.2112,21.2588
313,2021-10-14,0.0,2021-10-14 01:00:00,0.0,0.0,0.0,0.0,0.0,0.0,0.0,0.0,0.0,19.2551,20.1259,19.1663,19.1604,19.7946,19.2655,19.9987,19.5214,20.3692
314,2021-10-14,0.0,2021-10-14 02:00:00,0.0,0.0,0.0,0.0,0.0,0.0,0.0,0.0,0.0,18.4499,19.1394,18.4359,18.3347,18.8821,18.6288,18.941,18.642,19.44
315,2021-10-14,0.0,2021-10-14 03:00:00,0.0,0.0,0.0,0.0,0.0,0.0,0.0,0.0,0.0,18.4025,18.978,18.4215,18.3179,18.8374,18.6474,18.8398,18.667,19.2469
316,2021-10-14,0.0,2021-10-14 04:00:00,0.0,0.0,0.0,0.0,0.0,0.0,0.0,0.0,0.0,18.6058,19.1022,18.6627,18.5515,19.0089,18.8832,18.9814,18.8919,19.3392
317,2021-10-14,0.0,2021-10-14 05:00:00,0.0,0.0,0.0,0.0,0.0,0.0,0.0,0.0,0.0,18.338,19.0478,18.5493,18.3152,19.0091,18.8247,18.9323,18.8606,19.3699
318,2021-10-14,0.0,2021-10-14 06:00:00,0.0,0.0,0.0,0.0,0.0,0.0,0.0,0.0,0.0,17.1935,18.6801,17.1868,17.0277,17.5606,17.0648,18.7125,17.3132,18.9154
319,2021-10-14,0.0,2021-10-14 07:00:00,0.0,0.0,0.0,0.0,0.0,0.0,0.0,0.0,0.0,17.3127,18.9088,16.8869,17.5458,18.0573,17.2132,18.869,17.7267,19.1607
320,2021-10-14,0.0,2021-10-14 08:00:00,0.0,0.0,0.0,0.0,0.0,0.0,0.0,0.0,0.0,17.6867,19.024,17.4537,17.6628,17.8684,17.6588,18.9401,17.9357,18.9239
321,2021-10-14,0.0,2021-10-14 09:00:00,0.0,0.0,0.0,0.0,0.0,0.0,0.0,0.0,0.0,18.243,19.134,18.2617,18.303,19.03,18.6002,18.9853,18.7907,19.5277
322,2021-10-14,0.0,2021-10-14 10:00:00,0.0,0.0,0.0,0.0,0.0,0.0,0.0,0.0,0.0,20.7212,20.6334,20.9259,20.6395,21.1088,21.1175,20.5505,21.1097,20.9184
323,2021-10-14,0.0,2021-10-14 11:00:00,0.0,0.0,0.0,0.0,0.0,0.0,0.0,0.0,0.0,23.2672,23.033,22.9892,23.2875,23.5587,23.2462,23.1005,23.212,23.0979
324,2021-10-14,0.0,2021-10-14 12:00:00,0.0,0.0,0.0,0.0,0.0,0.0,0.0,0.0,0.0,24.747,25.1871,23.7949,24.7838,24.9745,23.8698,25.2539,24.2413,25.2646
325,2021-10-14,0.0,2021-10-14 13:00:00,0.0,0.0,0.0,0.0,0.0,0.0,0.0,0.0,0.0,25.9622,26.7569,25.2433,26.0254,26.4389,25.4265,26.9052,25.6109,26.8719
326,2021-10-14,0.0,2021-10-14 14:00:00,0.0,0.0,0.0,0.0,0.0,0.0,0.0,0.0,0.0,27.2145,28.1884,26.5993,27.0399,27.6656,26.5513,27.9978,27.0396,28.3802
327,2021-10-14,0.0,2021-10-14 15:00:00,0.0,0.0,0.0,0.0,0.0,0.0,0.0,0.0,0.0,27.6317,28.4673,27.1799,27.5388,28.0663,27.2275,28.3741,27.5387,28.7096
328,2021-10-14,0.0,2021-10-14 16:00:00,0.0,0.0,0.0,0.0,0.0,0.0,0.0,0.0,0.0,28.1382,29.0506,27.7961,28.0143,28.5889,27.7457,28.9188,28.1833,29.2921
329,2021-10-14,0.0,2021-10-14 17:00:00,0.0,0.0,0.0,0.0,0.0,0.0,0.0,0.0,0.0,27.9208,28.957,27.6518,27.7935,28.3919,27.5588,28.7894,28.09,29.1931
330,2021-10-14,0.0,2021-10-14 18:00:00,0.0,0.0,0.0,0.0,0.0,0.0,0.0,0.0,0.0,27.4232,28.4572,27.1822,27.2925,27.8848,27.0602,28.2546,27.6483,28.7133
331,2021-10-14,0.0,2021-10-14 19:00:00,0.0,0.0,0.0,0.0,0.0,0.0,0.0,0.0,0.0,26.1777,27.3938,25.9448,26.0813,26.6039,25.8743,27.2151,26.3977,27.6816
332,2021-10-14,0.0,2021-10-14 20:00:00,0.0,0.0,0.0,0.0,0.0,0.0,0.0,0.0,0.0,26.2553,27.7149,25.6889,26.1542,26.7692,25.7198,27.5624,26.1299,27.9972
333,2021-10-14,0.0,2021-10-14 21:00:00,0.0,0.0,0.0,0.0,0.0,0.0,0.0,0.0,0.0,24.1672,25.371,23.8303,23.9404,24.7846,23.833,25.2828,24.3343,25.6171
334,2021-10-14,0.0,2021-10-14 22:00:00,0.0,0.0,0.0,0.0,0.0,0.0,0.0,0.0,0.0,23.1928,24.3593,23.0085,22.9801,23.7616,23.051,24.2082,23.4501,24.6656
335,2021-10-14,0.0,2021-10-14 23:00:00,0.0,0.0,0.0,0.0,0.0,0.0,0.0,0.0,0.0,23.2665,24.192,23.196,23.0722,23.8089,23.2165,24.063,23.5711,24.4952
336,2021-10-15,0.0,2021-10-15 00:00:00,0.0,0.0,0.0,0.0,0.0,0.0,0.0,0.0,0.0,23.8903,23.9865,23.795,23.8573,23.9229,23.7639,23.9517,23.8259,24.0208
337,2021-10-15,0.0,2021-10-15 01:00:00,0.0,0.0,0.0,0.0,0.0,0.0,0.0,0.0,0.0,22.8065,24.6488,23.2619,22.7057,23.1209,23.271,24.3978,23.2102,24.8834
338,2021-10-15,0.0,2021-10-15 02:00:00,0.0,0.0,0.0,0.0,0.0,0.0,0.0,0.0,0.0,21.887,23.334,21.6568,21.8871,22.112,22.0421,22.9867,21.7687,23.6985
339,2021-10-15,0.0,2021-10-15 03:00:00,0.0,0.0,0.0,0.0,0.0,0.0,0.0,0.0,0.0,22.3965,22.7568,23.2152,22.51,23.1189,23.6489,22.6565,23.4214,23.2224
340,2021-10-15,0.0,2021-10-15 04:00:00,0.0,0.0,0.0,0.0,0.0,0.0,0.0,0.0,0.0,21.2047,22.3633,21.4853,21.0638,21.4429,21.471,22.4688,21.6642,22.7063
341,2021-10-15,0.0,2021-10-15 05:00:00,0.0,0.0,0.0,0.0,0.0,0.0,0.0,0.0,0.0,21.4872,22.4047,21.8755,21.74,21.3983,21.8543,22.6879,21.6337,22.4124
342,2021-10-15,0.0,2021-10-15 06:00:00,4.67823e-08,6.15545e-07,0.00182562,2.38006e-07,1.58596e-06,0.00075528,1.74776e-06,0.00195075,1.75667e-07,22.6574,23.0744,22.2161,22.3677,23.0404,21.8146,22.9426,22.6156,23.1143
343,2021-10-15,0.0,2021-10-15 07:00:00,5.62735e-08,6.16206e-07,0.00182562,7.06588e-07,1.58599e-06,0.000756041,2.58034e-06,0.00195075,1.75688e-07,21.5413,22.1399,21.155,21.3927,22.1251,21.0441,22.0501,21.6917,22.3973
344,2021-10-15,0.0,2021-10-15 08:00:00,5.62735e-08,6.16206e-07,0.00182562,7.06588e-07,1.58599e-06,0.000756041,2.58034e-06,0.00195075,1.75688e-07,21.261,21.7612,20.8921,21.2035,21.6916,21.2942,21.7905,21.2965,21.9225
345,2021-10-15,0.0,2021-10-15 09:00:00,9.4912e-09,6.60748e-10,0.0,4.68582e-07,3.42197e-11,7.61123e-07,8.32582e-07,6.98492e-10,2.08189e-11,21.8341,22.3095,21.3354,21.8108,22.3764,21.364,22.354,21.8441,22.489
346,2021-10-15,0.0,2021-10-15 10:00:00,0.0,0.0,0.0,0.0,0.0,0.0,0.0,0.0,0.0,22.8272,23.146,22.4003,22.8444,23.2624,22.6208,23.1989,22.7522,23.2754
347,2021-10-15,0.0,2021-10-15 11:00:00,0.0,0.0,0.0,0.0,0.0,0.0,0.0,0.0,0.0,24.4691,24.4737,23.9111,24.4685,24.7024,24.1499,24.4675,24.0149,24.551
348,2021-10-15,0.0,2021-10-15 12:00:00,0.0,0.0,0.0,0.0,0.0,0.0,0.0,0.0,0.0,25.3286,24.9161,25.6435,25.2838,25.7457,25.6651,24.8681,25.8306,25.1918
349,2021-10-15,0.0,2021-10-15 13:00:00,0.0,0.0,0.0,0.0,0.0,0.0,0.0,0.0,0.0,26.994,26.9571,26.4225,26.9883,27.4509,26.687,26.8671,26.8301,27.2206
350,2021-10-15,0.0,2021-10-15 14:00:00,0.0,0.0,0.0,0.0,0.0,0.0,0.0,0.0,0.0,30.6752,30.913,30.5871,30.7112,30.9447,30.765,30.9227,30.7273,31.0531
351,2021-10-15,0.0,2021-10-15 15:00:00,0.0,0.0,0.0,0.0,0.0,0.0,0.0,0.0,0.0,32.9739,33.4514,32.5008,32.955,33.2592,32.78,33.4324,32.7751,33.5606
352,2021-10-15,0.0,2021-10-15 16:00:00,0.0,0.0,0.0,0.0,0.0,0.0,0.0,0.0,0.0,32.2971,33.9974,31.8543,32.1064,32.7832,31.6684,33.7626,32.2626,34.002
353,2021-10-15,0.0,2021-10-15 17:00:00,0.0,0.0,0.0,0.0,0.0,0.0,0.0,0.0,0.0,31.5107,32.5338,31.2261,31.3687,31.9902,31.1573,32.3682,31.7105,32.8179
354,2021-10-15,0.0,2021-10-15 18:00:00,0.0,0.0,0.0,0.0,0.0,0.0,0.0,0.0,0.0,31.8885,33.0528,31.6063,31.9081,32.1833,31.6279,33.0288,31.9677,33.1214
355,2021-10-15,0.0,2021-10-15 19:00:00,0.0,0.0,0.0,0.0,0.0,0.0,0.0,0.0,0.0,30.9926,32.2086,30.8079,30.9797,31.3412,30.7752,32.0978,31.2227,32.4414
356,2021-10-15,0.0,2021-10-15 20:00:00,0.0,0.0,0.0,0.0,0.0,0.0,0.0,0.0,0.0,30.7507,32.3152,30.3423,30.6625,31.2028,30.3607,32.0787,30.5994,32.6179
357,2021-10-15,0.0,2021-10-15 21:00:00,0.0,0.0,0.0,0.0,0.0,0.0,0.0,0.0,0.0,28.0086,31.4249,27.7993,27.9556,28.6039,27.79,31.1993,28.5413,31.8234
358,2021-10-15,0.0,2021-10-15 22:00:00,0.0,0.0,0.0,0.0,0.0,0.0,0.0,0.0,0.0,27.6126,29.6993,27.6567,27.4705,28.6017,27.9236,29.4646,28.2334,30.0851
359,2021-10-15,0.0,2021-10-15 23:00:00,0.0,0.0,0.0,0.0,0.0,0.0,0.0,0.0,0.0,26.8001,29.215,27.4981,26.94,27.851,27.8478,28.9102,28.0157,29.561
360,2021-10-16,0.0,2021-10-16 00:00:00,0.0,0.0,0.0,0.0,0.0,0.0,0.0,0.0,0.0,24.5338,24.5768,24.4899,24.4928,24.5757,24.4506,24.534,24.5299,24.6206
361,2021-10-16,0.0,2021-10-16 01:00:00,0.0,0.0,0.0,0.0,0.0,0.0,0.0,0.0,0.0,22.8668,24.2455,22.6068,23.208,22.9467,22.7561,24.3726,22.9036,24.2064
362,2021-10-16,0.0,2021-10-16 02:00:00,0.0,0.0,0.0,0.0,0.0,0.0,0.0,0.0,0.0,22.2771,23.8712,22.1549,22.2741,22.7959,22.2506,23.8203,22.4995,24.1315
363,2021-10-16,0.0,2021-10-16 03:00:00,0.0,0.0,0.0,0.0,0.0,0.0,0.0,0.0,0.0,22.6225,23.7212,22.3549,22.5576,22.9432,22.3842,23.6002,22.5907,23.8371
364,2021-10-16,0.0,2021-10-16 04:00:00,0.0,0.0,0.0,0.0,0.0,0.0,0.0,0.0,0.0,21.831,23.3005,22.0683,21.7896,22.2399,22.1532,23.1884,22.2871,23.5119
365,2021-10-16,0.0,2021-10-16 05:00:00,0.0,0.0,0.0,0.0,0.0,0.0,0.0,0.0,0.0,21.7538,22.8957,21.9241,21.7115,22.2365,22.0769,22.7967,22.1093,23.2115
366,2021-10-16,0.0,2021-10-16 06:00:00,0.0,0.0,0.0,0.0,0.0,0.0,0.0,0.0,0.0,21.6711,22.3529,21.2008,21.6041,22.2446,20.9222,22.3983,21.7994,22.5809
367,2021-10-16,0.0,2021-10-16 07:00:00,0.0,0.0,0.0,0.0,0.0,0.0,0.0,0.0,0.0,21.5549,22.2006,21.3756,21.4745,22.0866,21.1709,22.1411,21.62,22.4346
368,2021-10-16,0.0,2021-10-16 08:00:00,0.0,0.0,0.0,0.0,0.0,0.0,0.0,0.0,0.0,21.4947,21.9018,21.6022,21.494,21.8255,21.6165,21.8193,21.5299,22.0838
369,2021-10-16,0.0,2021-10-16 09:00:00,0.0,0.0,0.0,0.0,0.0,0.0,0.0,0.0,0.0,21.6961,22.0299,21.6621,21.5368,22.0432,21.6673,21.9347,21.7452,22.1556
370,2021-10-16,0.0,2021-10-16 10:00:00,0.00228956,0.00260012,0.00190529,0.000214832,0.00623203,0.000168457,0.000189395,0.005391,0.00738033,23.4046,23.4874,23.2767,23.3585,23.7269,23.3664,23.4987,23.363,23.6354
371,2021-10-16,0.0,2021-10-16 11:00:00,0.592291,0.656475,0.545448,0.601158,0.565519,0.541012,0.668949,0.537805,0.619225,23.085,23.5215,22.9865,23.2722,23.3075,23.3654,23.913,23.1089,23.4147
372,2021-10-16,0.0,2021-10-16 12:00:00,0.592291,0.656475,0.545448,0.601158,0.565519,0.541012,0.668949,0.537808,0.619225,23.9516,24.4877,23.6817,23.8579,24.4123,23.7744,24.3604,23.9161,24.8432
373,2021-10-16,0.0,2021-10-16 13:00:00,0.590002,0.653875,0.543543,0.600943,0.559287,0.540844,0.66876,0.532417,0.611844,26.4629,26.8842,26.1645,26.5135,26.539,26.2112,27.0832,26.2133,26.702
374,2021-10-16,0.0,2021-10-16 14:00:00,0.0,0.0,0.0,0.0,0.0,6.55651e-07,0.0,3.15905e-06,0.0,27.4437,27.8557,27.0918,27.6721,27.3702,27.3722,28.1806,26.8962,27.5678
375,2021-10-16,0.0,2021-10-16 15:00:00,0.0,0.0,0.0,0.0,0.0,0.0,0.0,0.0,0.0,27.8574,27.7826,28.1711,28.1947,27.5819,28.3568,28.0512,27.9593,27.5768
376,2021-10-16,0.0,2021-10-16 16:00:00,0.210474,0.0546442,0.534604,0.288844,0.134667,0.495905,0.0929736,0.512879,0.0282598,27.5535,28.6369,27.4759,27.509,27.8,27.51,28.554,27.4843,28.6945
377,2021-10-16,0.0,2021-10-16 17:00:00,0.210475,0.0546452,0.534604,0.290035,0.134667,0.495905,0.0967261,0.512879,0.0282598,26.6442,27.4422,26.0503,26.6939,27.3266,26.5571,27.3605,26.4275,27.8425
378,2021-10-16,0.0,2021-10-16 18:00:00,0.210475,0.0546452,0.534604,0.290035,0.134667,0.495905,0.0967261,0.512879,0.0282598,25.0844,25.7691,24.8712,24.7364,25.9476,25.0047,25.5357,25.2293,26.2284
379,2021-10-16,0.0,2021-10-16 19:00:00,6.3777e-06,0.000435352,0.0,0.00119901,7.7486e-07,0.0,0.00520241,0.0,1.45435e-05,23.6911,24.3599,23.5726,23.6147,24.0309,23.8036,24.3461,23.6179,24.4466
380,2021-10-16,0.0,2021-10-16 20:00:00,5.36442e-06,0.000434399,0.0,8.22544e-06,7.7486e-07,0.0,0.00163698,0.0,1.45435e-05,23.7561,24.705,23.5609,23.4683,24.3465,23.4293,24.5137,24.1252,24.9375
381,2021-10-16,0.0,2021-10-16 21:00:00,5.36442e-06,0.000434399,0.0,8.22544e-06,7.7486e-07,0.0,0.00163698,0.0,1.45435e-05,22.7344,24.0425,22.7745,22.7727,23.1583,22.7511,24.0245,23.0728,24.2673
382,2021-10-16,0.0,2021-10-16 22:00:00,0.0,0.0,0.0,0.0,0.0,0.0,0.00018698,0.0,0.0,22.0498,23.6559,22.2172,22.2966,22.0892,22.247,23.6194,22.5282,23.8929
383,2021-10-16,0.0,2021-10-16 23:00:00,0.0292792,0.0347508,0.00852406,0.0259365,0.0247642,0.00585473,0.0429594,0.0197266,0.0259958,22.5609,23.2834,22.3217,22.5387,22.8395,22.4261,23.2618,22.3417,23.4931
384,2021-10-17,0.0,2021-10-17 00:00:00,0.0,0.0,0.0,0.0,0.0,0.0,0.0,0.0,0.0,22.5422,22.5509,22.5328,22.537,22.5475,22.5281,22.5451,22.5375,22.5567
385,2021-10-17,0.0,2021-10-17 01:00:00,0.0,0.0,0.0,0.0,0.0,0.0,0.0,0.0,0.0,21.3581,21.9962,21.2394,21.3002,21.6914,21.3265,21.9662,21.3433,22.1324
386,2021-10-17,1.0,2021-10-17 02:00:00,0.0,0.0,0.0,0.0,0.0,0.0,0.0,0.0,0.0,20.0862,21.8922,19.8151,20.0587,21.1862,20.0972,21.8686,20.1379,22.1286
387,2021-10-17,1.0,2021-10-17 03:00:00,0.122263,0.265224,0.180045,0.323763,0.00024921,0.361837,0.293631,0.0358214,0.149251,21.4054,21.7319,21.149,21.2849,21.7014,21.1125,21.6932,21.2682,21.8831
388,2021-10-17,0.0,2021-10-17 04:00:00,0.74684,0.992328,0.982493,1.14855,0.237578,1.46967,0.854797,0.415573,0.793537,21.0414,21.4023,20.8859,20.9844,21.3551,20.9297,21.4135,20.9829,21.5436
389,2021-10-17,1.0,2021-10-17 05:00:00,1.60697,1.8668,2.36802,2.95054,0.475495,3.83837,2.298,0.780712,1.11816,20.6759,21.1054,20.4943,20.6012,20.9732,20.5052,21.1059,20.5947,21.2448
390,2021-10-17,1.0,2021-10-17 06:00:00,4.86933,4.55797,5.78758,5.95837,2.57873,7.43903,4.70041,2.3874,3.47947,20.4597,20.8018,20.3521,20.426,20.7076,20.3727,20.8313,20.4112,20.961
391,2021-10-17,0.0,2021-10-17 07:00:00,5.76935,5.55264,6.3719,6.55528,3.56479,7.97873,5.50227,2.6103,4.85493,20.4092,20.7483,20.3164,20.3878,20.6667,20.3801,20.7631,20.37,20.9185
392,2021-10-17,0.0,2021-10-17 08:00:00,7.10753,6.95578,6.58581,6.78419,4.90888,7.52133,5.81937,2.94512,6.93048,20.3778,20.7677,20.2932,20.314,20.6583,20.3687,20.7531,20.2935,20.9157
393,2021-10-17,0.0,2021-10-17 09:00:00,3.72364,4.00295,2.98622,3.45891,2.80539,3.55953,3.13603,1.30272,4.41999,20.5057,20.8056,20.4051,20.4623,20.7618,20.4477,20.805,20.4722,20.9725
394,2021-10-17,0.0,2021-10-17 10:00:00,2.20277,2.32209,1.59974,2.03803,1.58624,1.9122,1.794,0.701684,2.40376,20.6844,20.913,20.51,20.6071,20.8475,20.4905,20.9987,20.5556,20.9918
395,2021-10-17,0.0,2021-10-17 11:00:00,0.556048,0.355355,0.843849,1.05652,0.238602,1.53274,0.592965,0.356276,0.240441,20.8063,21.1064,20.5598,20.67,21.0639,20.5695,21.079,20.7148,21.1686
396,2021-10-17,0.0,2021-10-17 12:00:00,0.641717,0.440402,0.92718,1.17886,0.33305,1.6712,0.670548,0.414588,0.392974,20.8446,21.2208,20.6375,20.7085,21.1555,20.6028,21.1781,20.8195,21.3504
397,2021-10-17,0.0,2021-10-17 13:00:00,0.638578,0.404454,0.927048,1.17815,0.329996,1.67104,0.649767,0.41319,0.405171,21.0536,21.4705,20.7942,20.9323,21.4877,20.8923,21.3695,21.0255,21.6798
398,2021-10-17,0.0,2021-10-17 14:00:00,0.0869923,0.0935841,0.0834932,0.132547,0.0956345,0.151683,0.090704,0.05864,0.168314,21.1855,21.5976,20.926,21.0668,21.5602,20.9671,21.5022,21.1229,21.7899
399,2021-10-17,0.0,2021-10-17 15:00:00,0.000591278,0.00498581,0.000153542,0.00389957,0.00118637,0.0125189,0.00056839,0.000211239,0.0157127,21.3021,21.6978,21.0511,21.1951,21.6774,21.1051,21.6493,21.2317,21.8871
400,2021-10-17,0.0,2021-10-17 16:00:00,0.0,4.76837e-06,0.0,0.0037756,0.0,0.0124893,0.000230789,1.43051e-06,0.0,21.3882,21.8006,21.1752,21.2911,21.8048,21.2362,21.7485,21.3415,22.0102
401,2021-10-17,0.0,2021-10-17 17:00:00,0.0,0.0,0.0,0.0,0.0,0.0,0.0,0.0,0.0,21.5623,22.0399,21.352,21.6002,21.9515,21.5188,22.0766,21.5326,22.2387
402,2021-10-17,0.0,2021-10-17 18:00:00,0.0,0.0,0.0,0.0,0.0,0.0,0.0,0.0,0.0,21.3232,21.839,21.106,21.4489,21.6015,21.3347,21.9219,21.2376,21.9115
403,2021-10-17,0.0,2021-10-17 19:00:00,0.00015831,0.0,0.000665665,0.0,9.87053e-05,0.0,0.0,0.000355244,0.0,21.1677,21.6188,20.9268,21.1909,21.5108,21.1188,21.6786,21.1127,21.7552
404,2021-10-17,0.0,2021-10-17 20:00:00,0.0926476,0.181149,0.096282,0.314655,0.115329,0.12643,0.451247,0.151029,0.0763693,20.7878,21.3128,20.6126,20.6847,21.0597,20.6916,21.2686,20.6891,21.4546
405,2021-10-17,0.0,2021-10-17 21:00:00,0.110763,0.220135,0.13242,0.32944,0.132064,0.154833,0.488715,0.18348,0.116308,20.6707,21.1653,20.5394,20.4957,20.9629,20.5773,21.1141,20.6514,21.36
406,2021-10-17,0.0,2021-10-17 22:00:00,0.117218,0.224144,0.162583,0.336841,0.138961,0.178734,0.492538,0.216626,0.119711,20.5308,21.0557,20.3944,20.3747,20.8575,20.4193,21.0191,20.5698,21.2337
407,2021-10-17,0.0,2021-10-17 23:00:00,0.0249043,0.0430002,0.0674219,0.0237904,0.0237308,0.0544605,0.0423689,0.0663109,0.0433416,20.5353,21.0441,20.3872,20.3762,20.8559,20.4201,21.0093,20.54,21.2174
408,2021-10-18,0.0,2021-10-18 00:00:00,0.0,0.0,0.0,0.0,0.0,0.0,0.0,0.0,0.0,21.0314,21.0298,21.0327,21.0388,21.0231,21.0404,21.037,21.0242,21.0217
409,2021-10-18,0.0,2021-10-18 01:00:00,0.0,0.0,0.0,0.0,0.0,0.0,0.0,0.0,0.0,18.4886,20.1369,18.1555,19.6165,19.8694,19.002,20.1556,19.5585,20.2953
410,2021-10-18,0.0,2021-10-18 02:00:00,0.0,0.0,0.0,0.0,0.0,0.0,0.0,0.0,0.0,18.1666,19.7095,17.9355,18.2047,18.7385,19.4986,19.6481,18.5777,19.932
411,2021-10-18,0.0,2021-10-18 03:00:00,0.0,0.0,0.0,0.0,0.0,0.0,0.0,0.0,0.0,17.9536,19.9142,19.4403,18.2925,19.7179,19.5601,19.8517,18.3596,20.2107
412,2021-10-18,0.0,2021-10-18 04:00:00,7.32725e-09,4.62693e-09,3.84253e-09,1.5679e-05,1.47088e-08,0.000141096,2.12276e-10,3.90804e-08,6.04529e-11,19.4536,20.0552,19.356,19.4661,19.7338,19.4867,20.0064,19.5154,20.2555
413,2021-10-18,0.0,2021-10-18 05:00:00,7.36384e-09,4.62702e-09,3.8492e-09,1.56892e-05,1.47134e-08,0.000144604,2.26258e-10,4.04371e-08,6.04529e-11,19.5242,20.0369,19.3438,19.4583,19.8669,19.4211,20.0143,19.527,20.21
414,2021-10-18,0.0,2021-10-18 06:00:00,7.36384e-09,4.62702e-09,3.8492e-09,1.56892e-05,1.47134e-08,0.000144604,2.26258e-10,4.04371e-08,6.04529e-11,19.4743,19.9578,19.3206,19.4208,19.8186,19.3863,19.9122,19.4994,20.1446
415,2021-10-18,0.0,2021-10-18 07:00:00,3.65898e-11,8.52651e-14,6.67244e-12,1.01936e-08,4.50751e-12,3.50873e-06,1.39822e-11,1.35676e-09,0.0,19.4529,19.908,19.3052,19.3697,19.8201,19.3499,19.8755,19.4995,20.0849
416,2021-10-18,0.0,2021-10-18 08:00:00,1.26669e-08,3.85513e-05,2.92544e-09,3.26267e-07,3.24901e-09,8.73115e-09,0.000119657,1.63354e-11,7.21572e-08,19.5376,19.9883,19.3746,19.48,19.8732,19.462,19.9564,19.5405,20.1535
417,2021-10-18,0.0,2021-10-18 09:00:00,2.781e-08,3.89853e-05,1.2499e-08,3.34778e-07,3.47378e-09,1.023e-08,0.000120302,3.0095e-11,7.37979e-08,19.5907,20.0239,19.3918,19.521,19.9322,19.4635,19.9705,19.5718,20.2093
418,2021-10-18,0.0,2021-10-18 10:00:00,0.00449937,3.95275e-05,0.0322282,0.00411762,0.00248891,0.0413006,0.000120373,0.0128765,6.08442e-06,19.7263,20.0884,19.4661,19.652,20.051,19.5465,20.0426,19.6302,20.2735
419,2021-10-18,0.0,2021-10-18 11:00:00,0.00564996,0.000279934,0.034093,0.00501917,0.00295999,0.0432709,0.000208236,0.0135781,8.32766e-05,20.0583,20.3779,19.8151,19.976,20.3811,19.8764,20.3483,19.9645,20.5539
420,2021-10-18,0.0,2021-10-18 12:00:00,0.00589783,0.000279501,0.0364092,0.00522404,0.00305302,0.045954,0.000207594,0.0144721,8.32752e-05,20.3228,20.6451,20.0529,20.2343,20.6446,20.1185,20.6049,20.2034,20.814
421,2021-10-18,0.0,2021-10-18 13:00:00,0.0197847,0.0108467,0.0255495,0.0261713,0.00740601,0.0260546,0.0133554,0.0144841,0.00398897,20.3765,20.7405,20.1109,20.2886,20.7084,20.1738,20.7043,20.2755,20.9153
422,2021-10-18,0.0,2021-10-18 14:00:00,0.0186341,0.0105677,0.0237718,0.0252694,0.00693594,0.0240911,0.0131479,0.0139445,0.00391171,21.0881,21.4146,20.7917,20.9699,21.4811,20.8089,21.3659,21.0106,21.6115
423,2021-10-18,0.0,2021-10-18 15:00:00,0.0183863,0.0105677,0.0214556,0.0250645,0.00684291,0.021408,0.0131479,0.0130506,0.00391171,21.5004,21.8703,21.1743,21.4117,21.8153,21.2496,21.8483,21.3151,22.0369
424,2021-10-18,0.0,2021-10-18 16:00:00,5.4637e-05,4.71249e-07,0.00783459,0.000419287,8.24593e-06,0.0159083,2.61189e-05,0.00269813,0.00036037,21.5242,22.0369,21.2138,21.5191,21.8298,21.298,21.9902,21.4077,22.2389
425,2021-10-18,0.0,2021-10-18 17:00:00,9.5794e-05,4.77768e-07,0.00876108,0.000539409,1.10986e-05,0.0174667,2.77301e-05,0.00294189,0.00036037,21.81,22.3169,21.1833,21.6687,22.2441,21.1308,22.171,21.7091,22.607
426,2021-10-18,4.0,2021-10-18 18:00:00,9.5794e-05,4.77768e-07,0.00876108,0.000539409,1.10986e-05,0.0174667,2.77227e-05,0.00294189,0.00036037,21.7602,22.2978,21.2436,21.6575,22.1406,21.2207,22.2082,21.7151,22.5323
427,2021-10-18,6.0,2021-10-18 19:00:00,4.1157e-05,6.51926e-09,0.00101354,0.000120122,3.87337e-06,0.00156526,1.61119e-06,0.000405818,0.0,21.1255,21.8534,20.7827,21.0107,21.4942,20.8156,21.7603,21.0357,22.0583
428,2021-10-18,3.0,2021-10-18 20:00:00,0.0,0.0,0.0,0.0,0.0,0.0,0.0,0.0,0.0,20.5805,21.4273,20.3255,20.4943,20.9756,20.3658,21.3354,20.4959,21.648
429,2021-10-18,0.0,2021-10-18 21:00:00,0.0,0.0,0.0,0.0,0.0,0.0,0.0,0.0,0.0,20.2718,20.8977,20.063,20.1881,20.5959,20.1132,20.8376,20.2443,21.0995
430,2021-10-18,1.0,2021-10-18 22:00:00,0.0127419,0.0142952,0.00255341,0.000276638,0.0524259,0.000546865,7.66143e-05,0.0408443,0.0471589,20.289,20.8257,20.079,20.2082,20.5779,20.1307,20.7763,20.2301,21.009
431,2021-10-18,1.0,2021-10-18 23:00:00,8.3868,10.053,9.26013,9.31601,8.05948,9.74191,10.0866,9.47913,9.18515,19.9761,20.4385,19.7939,19.9671,20.2516,19.8206,20.4569,19.8703,20.5832
432,2021-10-19,0.0,2021-10-19 00:00:00,15.8149,17.805,17.6357,16.6702,15.725,17.3227,18.6434,18.1783,16.8259,19.7798,20.2773,19.5482,19.7134,20.0738,19.6517,20.255,19.7112,20.4373
433,2021-10-19,0.0,2021-10-19 01:00:00,16.9451,18.6792,18.6314,18.027,16.6196,18.4717,19.7146,19.0368,17.5143,18.7616,19.3091,18.5385,18.696,19.0457,18.6118,19.2957,18.6697,19.4652
434,2021-10-19,0.0,2021-10-19 02:00:00,8.71071,8.74559,9.44974,8.88169,8.71157,8.81056,9.76713,9.66218,8.4497,18.6292,19.1825,18.5081,18.5363,18.9567,18.5273,19.1269,18.6935,19.3682
435,2021-10-19,0.0,2021-10-19 03:00:00,1.50694,1.20054,1.30268,1.76613,1.24916,1.47858,1.41965,1.16662,1.01106,18.4571,19.06,18.3152,18.3787,18.7993,18.3414,19.0117,18.5109,19.2509
436,2021-10-19,0.0,2021-10-19 04:00:00,0.364798,0.312637,0.305397,0.410275,0.302673,0.331078,0.349237,0.268045,0.275808,18.5518,19.1645,18.4135,18.4554,18.8336,18.3785,19.1053,18.6062,19.3105
437,2021-10-19,0.0,2021-10-19 05:00:00,0.225151,0.207485,0.229521,0.239897,0.203691,0.250837,0.210281,0.204399,0.202377,18.6418,19.1923,18.4547,18.566,18.9593,18.4915,19.1456,18.632,19.3695
438,2021-10-19,0.0,2021-10-19 06:00:00,0.0234909,0.0295544,0.0178719,0.021841,0.0256348,0.0179539,0.0240631,0.0187016,0.0342693,18.6888,19.2442,18.475,18.6163,19.0116,18.5164,19.1723,18.6588,19.4454
439,2021-10-19,0.0,2021-10-19 07:00:00,0.0226517,0.0290127,0.0168324,0.0206108,0.025095,0.0158939,0.02318,0.0179405,0.033968,18.8922,19.3569,18.6964,18.8125,19.1996,18.73,19.2852,18.8856,19.567
440,2021-10-19,0.0,2021-10-19 08:00:00,0.306932,0.174118,0.577539,0.328394,0.314337,0.672602,0.161386,0.500471,0.215649,18.728,19.2516,18.5502,18.6667,19.0093,18.6194,19.1862,18.7021,19.4506
441,2021-10-19,0.0,2021-10-19 09:00:00,1.93264,1.4417,1.86203,1.92196,2.09131,2.31905,1.29822,1.54925,1.69329,19.1237,19.379,18.9711,19.0521,19.4105,19.0176,19.3381,19.1233,19.5372
442,2021-10-19,0.0,2021-10-19 10:00:00,2.10851,2.37995,2.53864,2.28108,2.17932,2.88386,2.52465,2.32818,2.39867,19.1149,19.5119,18.8657,19.052,19.3952,18.9362,19.4652,18.9964,19.6907
443,2021-10-19,0.0,2021-10-19 11:00:00,2.64839,3.09007,3.42813,2.97989,2.65531,3.80045,3.38622,3.15761,3.09101,19.052,19.4622,18.8561,18.982,19.343,18.9267,19.4224,18.991,19.6292
444,2021-10-19,0.0,2021-10-19 12:00:00,1.13135,1.93723,2.87322,1.58607,0.96925,2.86487,2.44485,2.92838,1.72023,19.172,19.6173,18.8402,19.1181,19.4473,18.9456,19.5579,18.955,19.7922
445,2021-10-19,0.0,2021-10-19 13:00:00,1.08343,1.01793,2.49437,1.39469,0.990898,2.6717,1.24678,2.41705,1.02545,19.2062,19.6185,18.9756,19.1293,19.5234,19.0492,19.5991,19.1119,19.7748
446,2021-10-19,0.0,2021-10-19 14:00:00,0.494602,0.227396,1.52119,0.702377,0.421478,1.69267,0.340372,1.51393,0.200993,19.1025,19.5909,18.8644,19.0415,19.411,18.9377,19.5857,18.9953,19.7407
447,2021-10-19,1.0,2021-10-19 15:00:00,0.588522,0.182457,1.10864,0.830038,0.430632,1.36247,0.289001,0.906311,0.122797,18.8687,19.3621,18.6263,18.7967,19.2025,18.6778,19.327,18.7963,19.5394
448,2021-10-19,1.0,2021-10-19 16:00:00,2.26119,1.37258,3.11498,2.71987,1.91354,3.45774,1.68368,2.72554,1.18598,18.5041,19.0341,18.3185,18.4487,18.7832,18.4092,19.0202,18.4323,19.1761
449,2021-10-19,0.0,2021-10-19 17:00:00,3.03166,1.87952,4.38623,3.53577,2.61051,4.50391,2.29977,4.08055,1.60291,18.0828,18.679,17.8457,18.0198,18.3855,17.9228,18.6436,17.9981,18.8267
450,2021-10-19,0.0,2021-10-19 18:00:00,3.75816,2.3534,5.51442,4.24639,3.28624,5.56637,2.73515,5.10159,2.13913,17.9191,18.4363,17.7642,17.8044,18.2831,17.8253,18.3945,17.9341,18.6343
451,2021-10-19,0.0,2021-10-19 19:00:00,3.97431,3.20154,4.97727,4.49615,3.36678,4.8642,3.71287,4.62931,2.79413,17.8936,18.4574,17.7172,17.812,18.2239,17.7714,18.4221,17.8702,18.6418
452,2021-10-19,2.0,2021-10-19 20:00:00,5.64091,4.75941,5.82038,6.39743,4.61531,6.06959,5.2753,5.20532,3.99347,17.9801,18.4471,17.8549,17.8768,18.3242,17.8859,18.416,18.046,18.6408
453,2021-10-19,1.0,2021-10-19 21:00:00,6.87855,6.00864,6.16804,7.70151,5.8603,6.17717,6.99427,6.10328,4.83234,18.0074,18.4818,17.8209,17.9268,18.3029,17.8979,18.4356,17.946,18.6522
454,2021-10-19,1.0,2021-10-19 22:00:00,5.49961,4.47362,4.75079,5.89987,5.00308,4.66549,5.13057,5.08225,3.6324,17.737,18.2623,17.5664,17.6513,18.0357,17.6338,18.2226,17.6914,18.4427
455,2021-10-19,0.0,2021-10-19 23:00:00,3.23313,2.61226,2.70023,3.28399,3.21801,2.22081,3.21019,3.34378,2.15528,17.4897,18.0254,17.3547,17.4119,17.7964,17.4139,18.0032,17.4805,18.1992
456,2021-10-20,1.0,2021-10-20 00:00:00,0.0,0.0,0.0,0.0,0.0,0.0,0.0,0.0,0.0,19.1463,19.0974,19.1938,19.1683,19.123,19.2167,19.1183,19.1694,19.0751
457,2021-10-20,1.0,2021-10-20 01:00:00,0.0,0.0,0.0,0.0,0.0,0.0,0.0,0.0,0.0,18.0367,18.4194,17.6978,17.9317,18.3878,17.8901,18.4077,18.0664,18.5039
458,2021-10-20,1.0,2021-10-20 02:00:00,0.0,0.0,0.0,0.0,0.0,0.0,0.0,0.0,0.0,17.5996,18.1678,17.4166,17.5043,17.9197,17.4761,18.1465,17.59,18.318
459,2021-10-20,1.0,2021-10-20 03:00:00,2.33437,2.67733,2.32713,2.83891,2.21968,2.31749,3.37519,2.5065,2.18581,17.2097,17.6772,17.0446,17.1306,17.516,17.1186,17.6125,17.1854,17.856
460,2021-10-20,3.0,2021-10-20 04:00:00,4.75242,5.12685,4.55473,5.29406,4.54173,4.60868,6.11606,4.6517,4.57815,16.9041,17.4284,16.7606,16.8088,17.2315,16.807,17.3948,16.9115,17.6056
461,2021-10-20,2.0,2021-10-20 05:00:00,4.54608,4.70734,4.41392,4.94071,4.39793,4.41437,5.5957,4.53856,4.28814,16.6079,17.1538,16.4791,16.5311,16.9318,16.5323,17.1465,16.6322,17.3137
462,2021-10-20,3.0,2021-10-20 06:00:00,6.65915,6.56527,6.00324,6.82251,6.24816,6.09735,6.86314,5.77007,6.36089,15.787,16.2356,15.8276,15.6576,16.1541,15.8433,16.1873,16.0228,16.4387
463,2021-10-20,2.0,2021-10-20 07:00:00,7.16202,6.86322,6.4835,7.47561,6.65319,6.59738,7.08295,6.23778,6.52971,15.9679,16.4489,15.8242,15.9128,16.25,15.9263,16.4453,15.9393,16.5909
464,2021-10-20,4.0,2021-10-20 08:00:00,9.25483,8.90212,8.55463,9.7306,8.56887,8.84615,9.2521,8.12569,8.44642,15.7068,16.2141,15.544,15.6142,16.0266,15.5937,16.1891,15.695,16.3892
465,2021-10-20,4.0,2021-10-20 09:00:00,7.11559,6.79424,6.97087,7.5779,6.65392,7.32335,7.21895,6.63769,6.41533,15.9196,16.3824,15.7787,15.8722,16.1892,15.8767,16.383,15.8929,16.5168
466,2021-10-20,1.0,2021-10-20 10:00:00,5.18738,4.80702,5.49835,5.44142,5.02038,5.66443,5.05151,5.42751,4.68296,16.2059,16.6684,16.0795,16.149,16.4919,16.1198,16.5484,16.2157,16.8486
467,2021-10-20,0.0,2021-10-20 11:00:00,3.76158,3.61499,4.00944,3.92338,3.75949,4.02827,3.82223,4.14259,3.59784,16.1395,16.5714,15.9493,16.0868,16.4235,16.0252,16.4573,16.0703,16.7678
468,2021-10-20,2.0,2021-10-20 12:00:00,2.50929,2.62932,2.84954,2.59638,2.62356,2.74066,2.97888,3.08173,2.57353,16.1814,16.5477,15.9665,16.0453,16.5164,16.002,16.4786,16.1165,16.7347
469,2021-10-20,0.0,2021-10-20 13:00:00,1.80986,2.1698,1.88722,1.87998,1.85126,1.84264,2.46102,1.9868,2.07046,16.6158,17.0715,16.4057,16.5176,16.9376,16.4781,16.9878,16.5195,17.285
470,2021-10-20,1.0,2021-10-20 14:00:00,1.69439,2.03778,1.65295,1.77068,1.64328,1.66539,2.30367,1.63688,1.86566,16.6492,17.0307,16.4655,16.6081,16.9264,16.5868,16.9844,16.5659,17.212
471,2021-10-20,0.0,2021-10-20 15:00:00,2.54662,2.61126,2.37934,2.5356,2.46398,2.37903,2.62856,2.33004,2.54973,16.8033,17.3162,16.5643,16.7427,17.1042,16.6266,17.2678,16.7248,17.4916
472,2021-10-20,0.0,2021-10-20 16:00:00,3.06046,3.1459,2.82518,3.03989,2.96321,2.81394,3.20504,2.78176,3.02235,16.5942,17.049,16.3708,16.4849,16.9389,16.4626,16.9649,16.4892,17.2777
473,2021-10-20,0.0,2021-10-20 17:00:00,5.78678,6.03717,5.43935,5.82546,5.54591,5.5004,6.10906,5.21335,5.82527,16.5563,16.9345,16.3046,16.5035,16.8824,16.4174,16.9702,16.5062,17.0314
474,2021-10-20,0.0,2021-10-20 18:00:00,5.18622,5.5549,4.75127,5.43424,4.80029,4.98003,5.73376,4.44728,5.18905,16.5122,17.1701,16.3538,16.4268,16.847,16.3501,17.0542,16.5689,17.3752
475,2021-10-20,0.0,2021-10-20 19:00:00,4.53164,4.83209,4.14866,4.80796,4.1469,4.4387,4.96616,3.80121,4.5311,17.0869,17.5943,16.7677,17.015,17.3685,16.8124,17.4879,16.8412,17.8403
476,2021-10-20,0.0,2021-10-20 20:00:00,0.955008,1.12403,0.717916,1.1514,0.76429,0.927467,1.21103,0.568115,0.949219,16.2675,17.2768,16.0942,16.2328,16.6272,16.15,17.1552,16.3764,17.5492
477,2021-10-20,0.0,2021-10-20 21:00:00,0.510853,0.871178,0.216084,0.580103,0.427883,0.284824,0.96159,0.174133,0.755705,15.9311,16.7668,15.6022,15.7931,16.3175,15.62,16.6449,15.826,17.0234
478,2021-10-20,0.0,2021-10-20 22:00:00,0.371729,0.790331,0.0974045,0.517447,0.260826,0.160208,0.998804,0.0556622,0.626722,15.8528,16.8328,15.6247,15.7616,16.2715,15.6325,16.6607,15.8436,17.1375
479,2021-10-20,0.0,2021-10-20 23:00:00,1.34969,1.54449,0.881947,1.26418,1.22923,0.622778,1.71164,0.939808,1.31771,15.8061,16.6313,15.5924,15.6891,16.1458,15.6339,16.4788,15.7697,16.8867
480,2022-02-01,0.0,2022-02-01 00:00:00,1.2027,1.02859,1.03825,1.02398,1.15372,0.621174,1.12902,1.17544,0.881247,15.7229,16.7089,15.5124,15.6725,16.0903,15.5875,16.5698,15.6167,16.9662
481,2022-02-01,0.0,2022-02-01 01:00:00,1.23207,1.0584,1.15677,0.997387,1.24155,0.705593,1.098,1.43301,0.917719,15.8763,16.7279,15.7383,15.7589,16.2632,15.8029,16.5733,15.8789,17.0063
482,2022-02-01,0.0,2022-02-01 02:00:00,0.408323,0.446844,0.539204,0.419743,0.43339,0.425056,0.545984,0.777464,0.36911,15.7925,16.6105,15.6383,15.6969,15.0461,15.6723,16.5126,14.6454,16.9233
483,2022-02-01,0.0,2022-02-01 03:00:00,0.470148,0.520042,0.549665,0.492785,0.528828,0.535444,0.597681,0.754072,0.461948,15.8757,16.5036,15.6716,15.7426,16.2355,15.7002,16.3581,15.8512,16.8017
484,2022-02-01,0.0,2022-02-01 04:00:00,0.527615,0.520315,0.493271,0.572002,0.515177,0.544041,0.565054,0.529493,0.483305,15.9624,16.7619,15.7734,15.8682,16.2905,15.8352,16.5882,15.8874,17.0537
485,2022-02-01,0.0,2022-02-01 05:00:00,0.310282,0.221354,0.295553,0.323832,0.306,0.327885,0.230177,0.271383,0.227924,16.0094,16.8488,15.8485,15.9142,16.3355,15.8448,16.7198,16.0102,17.1189
486,2022-02-01,0.0,2022-02-01 06:00:00,0.10272,0.0661335,0.0636501,0.123968,0.0814896,0.0986595,0.0584679,0.0336628,0.090847,16.1424,17.1301,15.9274,16.068,16.4577,15.9417,16.9729,16.0333,17.3117
487,2022-02-01,0.0,2022-02-01 07:00:00,0.028492,0.0217552,0.0173683,0.035799,0.07477,0.0367184,0.00577736,0.067728,0.104275,16.0782,17.0472,15.8644,15.9693,16.4582,15.8744,16.9215,16.0202,17.2833
488,2022-02-01,0.0,2022-02-01 08:00:00,0.172346,0.179014,0.154055,0.140593,0.240898,0.113934,0.131735,0.245874,0.228426,16.192,17.053,16.0479,16.107,16.6317,16.1689,16.9262,16.2102,17.3363
489,2022-02-01,0.0,2022-02-01 09:00:00,0.436192,0.549139,0.349808,0.544022,0.435825,0.42276,0.613605,0.397278,0.512407,16.1674,16.9326,16.0241,16.0956,16.4544,16.1404,16.8268,16.1129,17.093
490,2022-02-01,0.0,2022-02-01 10:00:00,0.584089,0.696138,0.513056,0.735155,0.519407,0.63043,0.848387,0.477171,0.562616,16.6584,17.1163,16.6209,16.6566,16.8981,16.8043,17.0363,16.6682,17.3014
491,2022-02-01,0.0,2022-02-01 11:00:00,0.742149,0.860193,0.65172,0.977144,0.532574,0.878984,1.10699,0.464737,0.607542,16.8668,17.1757,16.7932,16.7704,17.2251,16.9601,17.0793,16.8383,17.4544
492,2022-02-01,0.0,2022-02-01 12:00:00,0.483606,0.495693,0.469673,0.577469,0.344511,0.578148,0.632118,0.327255,0.326895,17.5735,17.8814,17.3755,17.5146,17.8628,17.5339,17.8654,17.4457,18.0566
493,2022-02-01,0.0,2022-02-01 13:00:00,0.316746,0.333433,0.295256,0.352465,0.206961,0.334656,0.39262,0.204159,0.200096,19.3846,19.2486,19.342,19.4052,19.7322,19.4486,19.5021,19.0292,19.3032
494,2022-02-01,0.0,2022-02-01 14:00:00,0.0956345,0.144073,0.0621071,0.181562,0.0456219,0.114038,0.256721,0.0480289,0.106838,19.5042,19.838,19.3915,19.4452,19.8608,19.4747,19.8295,19.5349,20.0123
495,2022-02-01,0.0,2022-02-01 15:00:00,0.144442,0.19729,0.0933781,0.273434,0.0653858,0.186232,0.373867,0.0566101,0.131134,19.6458,20.0833,19.4985,19.5184,19.9874,19.5087,20.0186,19.637,20.2532
496,2022-02-01,0.0,2022-02-01 16:00:00,0.137104,0.195351,0.0879345,0.274399,0.0506859,0.188385,0.374504,0.0327511,0.125055,20.5143,20.9144,20.2401,20.5429,20.8431,20.5889,21.0098,20.4429,21.0434
497,2022-02-01,0.0,2022-02-01 17:00:00,0.133125,0.245033,0.0621758,0.279509,0.0463238,0.149351,0.418133,0.0239601,0.0975056,19.1771,19.8703,19.1466,19.0729,19.6004,19.1342,19.8886,19.4217,20.0156
498,2022-02-01,0.0,2022-02-01 18:00:00,0.127495,0.245625,0.0528603,0.290268,0.0355434,0.159126,0.407143,0.0109043,0.0933208,19.4753,20.0952,19.3346,19.407,19.7348,19.3189,20.1177,19.411,20.2
499,2022-02-01,0.0,2022-02-01 19:00:00,0.127041,0.245398,0.0525036,0.287832,0.0355434,0.156815,0.406078,0.0109043,0.0933208,20.031,20.521,19.854,19.9203,20.1065,19.9104,20.4144,20.0754,20.4639
500,2022-02-01,0.0,2022-02-01 20:00:00,0.0484791,0.059433,0.0356617,0.106384,0.0158482,0.0899582,0.113155,0.0094471,0.0234451,19.2783,19.9752,19.1275,19.2069,19.627,19.1859,19.8623,19.3381,20.1336
501,2022-02-01,0.0,2022-02-01 21:00:00,0.0,0.0,0.0,0.0,0.0,0.0,0.0,0.0,0.0,17.7463,19.3599,18.3886,18.5268,18.8426,18.5372,19.2493,18.2161,19.5229
502,2022-02-01,0.0,2022-02-01 22:00:00,0.0,0.00369263,0.00119591,0.0,0.0,0.00187111,0.00513458,0.000240326,0.0021534,18.4532,19.149,18.3436,18.3987,18.7577,18.4056,19.0399,18.5064,19.3373
503,2022-02-01,0.0,2022-02-01 23:00:00,0.0102882,0.0346966,0.00122833,0.01334,0.00619125,0.00187111,0.0501213,0.000988007,0.021677,18.2146,18.9303,18.1444,18.132,18.5544,18.2236,18.8034,18.2888,19.1347
