,index,Data,Horario,precipitacao_observada,Barreto_ws10,Barreto_wd10,Pto N_ws10,Pto N_wd10,Pto S_ws10,Pto S_wd10,Pto E_ws10,Pto E_wd10,Pto W_ws10,Pto W_wd10,Pto SE_ws10,Pto SE_wd10,Pto NE_ws10,Pto NE_wd10,Pto SW_ws10,Pto SW_wd10,Pto NW_ws10,Pto NW_wd10,prec_prev_Barreto,prec_prev_ptoN,prec_prev_ptoS,prec_prev_ptoE,prec_prev_ptoW,prec_prev_ptoSE,prec_prev_ptoNE,prec_prev_ptoSW,prec_prev_ptoNW,temp_prev_Barreto,temp_prev_ptoN,temp_prev_ptoS,temp_prev_ptoE,temp_prev_ptoW,temp_prev_ptoSE,temp_prev_ptoNE,temp_prev_ptoSW,temp_prev_ptoNW,DataHora
6035,121,2021-01-22,1500 UTC,0.0,3.0582700000000003,198.575,2.43485,192.189,3.77453,196.959,1.32921,69.3551,4.89091,204.722,0.8179109999999999,95.16,1.6842,79.9821,4.7407,201.391,4.97254,205.093,0.0,0.0,0.0,0.0,0.0,0.0,0.0,0.0,0.0,31.081,31.4674,30.7072,31.1563,30.0855,31.3086,31.4521,29.779,30.5085,2021-01-22 15:00:00+00:00
10787,122,2021-01-22,1600 UTC,0.0,2.7399400000000003,254.438,2.70908,205.467,2.6294,288.562,3.69633,288.526,2.8837200000000003,198.739,4.19491,320.316,2.15545,255.448,2.80039,231.338,3.85825,175.197,2.61009,2.18299,1.54985,3.5165300000000004,0.867865,2.4443900000000003,3.24515,0.316682,0.7208060000000001,28.7749,28.9315,29.3425,28.2794,29.5789,28.9378,28.2538,29.9764,29.912,2021-01-22 16:00:00+00:00
2106,123,2021-01-22,1700 UTC,0.0,2.9873,168.271,2.61571,163.378,3.16835,170.99599999999995,2.83183,167.385,3.41101,166.09799999999996,3.1025400000000003,168.31400000000005,2.41288,171.81400000000005,3.45896,169.395,2.99835,158.79,4.72611,2.88555,6.19683,4.26365,4.41399,3.80749,3.71322,7.55425,1.8417,30.3806,30.6097,30.0829,30.078000000000007,30.4974,29.8787,30.2378,30.1327,30.878,2021-01-22 17:00:00+00:00
254,124,2021-01-22,1800 UTC,0.2,5.9631,109.725,5.84245,113.62,5.8558,104.599,5.72251,110.111,5.7878,110.555,5.36674,104.197,6.00552,116.096,5.92161,105.552,5.42469,112.816,4.73273,2.89114,6.22299,4.46011,4.41414,4.17397,3.77239,7.55426,1.84203,30.0693,30.3286,29.9224,29.1147,30.6866,29.2277,29.3425,30.4256,30.9668,2021-01-22 18:00:00+00:00
255,125,2021-01-22,2300 UTC,0.0,6.63722,79.2502,6.49183,78.5216,6.80022,80.846,6.72932,80.0594,6.38968,78.055,6.94393,80.6563,6.51089,80.2672,6.49527,79.8359,6.35537,76.9704,0.0,0.0,0.0,0.0,0.0,0.0,0.0,0.0,0.0,26.0272,26.1645,26.08,25.5813,26.3183,25.7159,25.7648,26.2412,26.4009,2021-01-22 23:00:00+00:00
5464,126,2021-01-22,2000 UTC,0.0,4.14522,68.3112,4.86978,57.9055,3.770880000000001,92.9297,3.73826,75.1938,4.46853,63.1922,3.65127,98.7596,4.97105,59.0623,3.95776,84.9085,4.82642,57.4861,0.282044,0.468363,0.637134,0.6359100000000001,0.186787,0.989999,0.16792,0.550501,0.873168,29.4469,29.5566,29.0353,28.9876,29.7196,28.5307,29.3712,29.3421,29.675,2021-01-22 20:00:00+00:00
8940,127,2021-01-22,2100 UTC,0.0,6.27084,79.1191,6.110530000000002,80.9484,5.9671,79.2628,6.32929,79.5487,6.23348,78.9561,6.20236,80.1898,6.19499,80.7556,5.81772,77.6313,6.02798,81.324,0.27542,0.4627729999999999,0.610979,0.439449,0.186638,0.623518,0.108748,0.550485,0.87284,28.4866,28.6246,28.6009,28.0539,28.7633,28.2655,28.2459,28.7412,28.9115,2021-01-22 21:00:00+00:00
4935,128,2021-01-22,2200 UTC,0.0,6.67485,81.9939,6.36506,81.2374,6.79015,83.2307,6.7842,82.8444,6.50001,81.0065,6.92795,83.1369,6.38623,82.7972,6.6052100000000005,82.5679,6.29731,79.9573,0.26201,0.26867,0.5576270000000001,0.320867,0.185712,0.39087,0.0559156,0.5483359999999999,0.7003060000000001,27.0255,27.1435,27.1246,26.59,27.3433,26.8087,26.7467,27.3026,27.4332,2021-01-22 22:00:00+00:00
3940,129,2021-01-22,1300 UTC,0.0,1.13988,278.953,1.52037,293.031,0.81024,252.816,0.0613593,249.418,1.29889,272.921,0.63454,120.698,0.414008,342.9480000000001,1.38047,239.675,1.58649,292.735,0.0,0.0,0.0,0.0,0.0,0.0,0.0,0.0,0.0,28.9946,28.8804,29.0694,28.9163,28.9108,29.0511,28.9871,28.8693,28.6268,2021-01-22 13:00:00+00:00
114,130,2021-01-22,1900 UTC,3.4,4.25101,104.835,3.14964,84.947,4.86567,106.736,4.82545,112.3,4.1795800000000005,98.3669,5.19041,110.006,3.70694,110.749,4.63601,103.09,4.08098,73.7206,2.13606,0.902254,4.72649,1.06217,3.5472,1.96223,0.580068,7.2397300000000016,1.29376,29.8355,29.6891,29.8968,29.5309,30.0628,29.3839,29.7233,29.9784,29.807,2021-01-22 19:00:00+00:00
10790,131,2021-01-22,1200 UTC,0.0,0.764101,308.891,1.18518,310.466,0.370142,284.216,0.575288,288.393,0.940122,313.53,0.353254,235.902,0.7037909999999999,332.902,0.5532159999999999,289.38,1.31535,316.374,0.0,0.0,0.0,0.0,0.0,0.0,0.0,0.0,0.0,27.6665,27.5629,27.6613,27.3919,27.7489,27.4503,27.4525,27.7354,27.3591,2021-01-22 12:00:00+00:00
6332,132,2021-01-22,0500 UTC,0.0,3.5921300000000005,69.1148,3.4218300000000004,72.6047,3.48861,69.2369,4.07301,71.8306,2.9289400000000003,66.0914,4.11486,69.4589,3.7596,77.7172,2.78515,66.874,3.005,68.831,0.0,0.0,0.0,0.0,0.0,0.0,0.0,0.0,0.0,24.4401,24.4303,24.4759,23.9839,24.7069,24.1546,24.0262,24.6371,24.6747,2021-01-22 05:00:00+00:00
5752,133,2021-01-22,1000 UTC,0.0,0.649396,1.02713,0.714326,28.6731,0.493179,325.441,0.601957,19.7997,0.679034,0.783325,0.366311,329.111,0.8764629999999999,43.6268,0.6520060000000001,355.565,0.600771,11.8038,0.0,0.0,0.0,0.0,0.0,0.0,0.0,0.0,0.0,24.7225,24.6728,24.6679,24.5452,24.7663,24.587,24.4614,24.6891,24.6701,2021-01-22 10:00:00+00:00
9668,152,2021-01-23,2200 UTC,0.0,6.00149,76.2982,5.84839,77.2061,6.23027,77.2823,5.846430000000002,77.1378,6.00896,75.3531,6.2324,78.2466,5.69644,78.2967,6.13565,75.6933,5.8581,75.8194,0.0543679999999999,0.0433989,0.045063,0.00425196,0.0639534,0.00335979,0.00357008,0.0602894,0.0496464,26.3841,26.5596,26.4797,25.9102,26.7123,26.1234,26.1175,26.6542,26.8686,2021-01-23 22:00:00+00:00
217,153,2021-01-23,1300 UTC,0.0,1.45918,70.9739,1.35618,64.7733,1.42703,68.2514,1.69862,69.0515,1.1649,62.7927,1.72572,70.2938,1.51479,61.7909,1.36939,71.7375,0.769347,9.98804,0.0,0.0,0.0,0.0,0.0,0.0,0.0,0.0,0.0,29.2238,29.4096,29.166,28.8429,29.4914,28.9309,28.9986,29.2948,29.4184,2021-01-23 13:00:00+00:00
62,154,2021-01-23,1900 UTC,0.0,1.88437,243.387,1.86527,249.463,1.8029,242.451,1.80372,254.043,2.08394,233.568,1.74521,257.332,1.77931,250.974,1.90461,232.482,2.07801,241.622,8.0616,14.4608,4.76896,3.80155,14.212,1.9766,6.21991,7.81969,26.3744,26.6227,26.5259,26.8901,26.2913,26.7545,26.6476,26.366,26.7279,26.5205,2021-01-23 19:00:00+00:00
3712,155,2021-01-23,1200 UTC,0.2,1.91347,50.3698,1.89383,52.765,1.91838,50.9076,2.05178,55.2416,1.73994,46.2467,2.07478,56.0742,1.9304,53.1733,1.96544,49.1142,1.33809,27.1617,0.0,0.0,0.0,0.0,0.0,0.0,0.0,0.0,0.0,27.9447,28.0089,27.9027,27.54,28.1779,27.6053,27.6714,28.0181,28.1104,2021-01-23 12:00:00+00:00
38,156,2021-01-23,1100 UTC,0.0,3.26064,70.8128,3.07833,71.9595,3.36496,69.5178,3.50487,70.4935,3.1628,71.2847,3.50616,68.6285,3.28312,71.9061,3.33039,70.3392,3.04325,72.1263,0.0,0.0,0.0,0.0,0.0,0.0,0.0,0.0,0.0,26.5371,26.6393,26.4773,26.0865,26.828000000000007,26.1445,26.2481,26.6634,26.8767,2021-01-23 11:00:00+00:00
1635,157,2021-01-23,1000 UTC,0.0,4.84044,72.4961,4.54146,74.6227,4.84316,72.4214,4.99212,73.6194,4.5448,71.3937,4.97168,72.2864,4.61191,76.5817,4.54715,72.0895,4.44835,73.0787,0.0,0.0,0.0,0.0,0.0,0.0,0.0,0.0,0.0,24.9482,25.0072,24.94,24.4892,25.2344,24.6071,24.6224,25.1206,25.2418,2021-01-23 10:00:00+00:00
1489,158,2021-01-23,0100 UTC,0.0,3.93997,68.5925,3.91914,66.889,3.65531,70.7577,4.53525,71.3011,3.35556,66.7287,4.41175,73.5435,4.29394,70.0338,3.00213,67.8942,3.48334,64.6326,0.0,0.0,0.0,0.0,0.0,0.0,0.0,0.0,0.0,26.1595,26.2999,26.1161,25.6816,26.4812,25.8227,25.8588,26.3169,26.5911,2021-01-23 01:00:00+00:00
1828,455,2021-02-04,1100 UTC,0.0,0.980184,243.251,1.05272,252.774,0.8894719999999999,251.631,1.08597,237.99400000000003,1.02331,252.8,0.954074,246.404,1.16802,239.104,1.00101,255.405,1.1175700000000002,266.826,0.0,0.0,0.0,0.0,0.0,0.0,0.0,0.0,0.0,28.0168,27.9115,28.0639,27.7526,28.0861,27.8669,27.7939,28.0831,27.8127,2021-02-04 11:00:00+00:00
371,456,2021-02-05,1400 UTC,0.0,3.2985,311.316,3.6871,314.271,3.40999,302.597,3.61004,308.409,3.1075,309.497,3.50674,302.744,3.88358,306.063,3.50535,301.902,3.32791,321.312,0.0,0.0,0.0,0.0,0.0,0.0,0.0,0.0,0.0,33.8726,33.8202,33.9919,33.5175,34.0731,33.7206,33.6005,34.0945,33.8071,2021-02-05 14:00:00+00:00
1162,457,2021-02-05,1500 UTC,0.0,6.27837,194.079,6.1664400000000015,190.893,6.3659,197.187,6.47856,195.785,6.20521,197.341,6.43746,199.985,6.5824,192.76,6.3644,199.818,6.168019999999999,193.585,0.0,0.0,0.0,0.0,0.0,0.0,0.0,0.0,0.0,31.5498,32.0627,31.1448,30.9272,32.0255,30.6326,31.4369,31.5614,32.4709,2021-02-05 15:00:00+00:00
2185,458,2021-02-05,1600 UTC,0.2,6.52861,200.226,6.32377,197.351,6.814189999999999,203.329,6.760439999999999,202.866,6.34842,197.859,7.05247,206.1,6.587160000000001,200.64,6.636819999999998,201.289,6.14251,194.837,0.0,0.0,0.0,0.0,0.0,0.0,0.0,0.0,0.0,31.1714,31.5645,30.83,30.7447,31.5096,30.455,31.1372,31.0595,31.952,2021-02-05 16:00:00+00:00
1857,459,2021-02-05,2300 UTC,2.4,3.96125,138.111,3.63976,136.884,4.12127,139.137,4.0894900000000005,138.697,3.86286,137.10399999999998,4.0369,138.122,3.85426,139.21200000000002,4.1283,139.043,3.5188,134.238,0.22436,0.5085729999999999,0.169117,0.318732,0.192331,0.197473,0.619877,0.16283,0.325859,26.0214,26.0342,25.9731,25.56,26.2834,25.6689,25.6223,26.0866,26.306,2021-02-05 23:00:00+00:00
724,460,2021-02-05,1700 UTC,0.0,7.465089999999999,203.166,7.11866,199.993,7.80125,206.103,7.3753199999999985,204.0,7.613810000000001,202.605,7.69238,207.23,7.09037,201.146,8.04352,205.402,7.22887,199.602,1.65967e-07,8.93506e-07,1.78952e-10,6.8003100000000015e-06,2.28559e-08,1.63268e-07,0.000734154,3.00896e-11,1.34766e-06,29.3518,29.9626,28.8226,28.6834,29.9158,28.3632,29.3847,29.2794,30.4156,2021-02-05 17:00:00+00:00
516,461,2021-02-05,2200 UTC,14.8,4.76924,160.761,4.58598,162.88299999999995,4.7779,159.029,4.850569999999999,159.91299999999995,4.63044,160.444,4.787059999999999,158.542,4.69869,161.906,4.6883300000000006,159.256,4.5301800000000005,162.30200000000005,0.205401,0.247196,0.167485,0.243179,0.19113,0.195524,0.284426,0.160863,0.212051,26.0927,26.2623,25.9659,25.7582,26.2706,25.7546,25.9581,26.0487,26.4039,2021-02-05 22:00:00+00:00
2911,462,2021-02-05,1900 UTC,9.4,7.12886,189.293,7.0662,188.568,7.13967,190.42,6.97319,189.479,7.32357,190.503,6.86415,190.816,7.04518,189.383,7.367439999999998,191.251,7.299989999999998,189.43400000000003,1.65972e-07,8.93506e-07,3.3640699999999995e-10,6.80052e-06,2.28559e-08,1.66064e-07,0.000734154,3.15771e-11,1.34766e-06,27.3734,27.5945,27.217,27.0708,27.5242,27.0198,27.3103,27.2823,27.7099,2021-02-05 19:00:00+00:00
11253,463,2021-02-05,2000 UTC,1.4,6.5293800000000015,181.123,6.56784,181.314,6.45169,182.319,6.36701,181.182,6.6620300000000015,182.562,6.09725,181.845,6.55929,182.295,6.7617600000000015,183.75,6.58718,182.183,4.47642e-12,0.0,1.57456e-10,2.0918400000000003e-10,0.0,2.796280000000001e-09,0.0,1.48755e-12,0.0,26.863000000000003,27.0551,26.733,26.5436,27.0763,26.5193,26.7567,26.8536,27.2245,2021-02-05 20:00:00+00:00
3778,464,2021-02-05,2100 UTC,0.8,5.96277,173.965,6.0474,175.08,5.81671,173.895,6.04941,174.02200000000005,6.05964,173.16,5.80201,173.34799999999996,6.1574,175.81,6.119219999999999,173.78400000000005,6.08081,173.375,0.0156393,0.00580908,0.0263558,0.0183225,0.00165825,0.0458011999999999,0.00478547,0.00478844,0.00120686,26.203000000000007,26.3683,26.0984,25.8775,26.4614,25.8641,26.0874,26.2671,26.5705,2021-02-05 21:00:00+00:00
6997,465,2021-02-05,1300 UTC,0.0,4.2702800000000005,312.012,4.5638,311.476,3.81364,306.05,4.674869999999999,310.012,3.76385,303.971,4.3715,310.7940000000001,4.59628,306.337,3.78501,295.14,4.27529,312.139,0.0,0.0,0.0,0.0,0.0,0.0,0.0,0.0,0.0,32.9305,32.8565,33.0381,32.5822,33.1461,32.7576,32.6689,33.1606,32.867,2021-02-05 13:00:00+00:00
1685,466,2021-02-05,1800 UTC,0.0,8.496939999999999,196.042,8.64322,195.322,8.24823,197.471,8.31577,198.256,8.5996,193.564,7.9568699999999986,200.346,8.61886,197.579,8.46786,194.552,8.72283,192.823,1.65972e-07,8.93506e-07,3.3640699999999995e-10,6.80052e-06,2.28559e-08,1.66064e-07,0.000734154,3.15771e-11,1.34766e-06,27.8146,28.1195,27.6123,27.5021,27.9851,27.3904,27.8103,27.6719,28.2599,2021-02-05 18:00:00+00:00
6371,467,2021-02-05,1200 UTC,0.0,5.20217,302.422,5.37306,300.377,5.02366,306.765,5.23575,299.402,4.82411,304.771,5.289969999999999,302.825,5.20195,300.396,4.39608,308.629,5.36174,301.255,0.0,0.0,0.0,0.0,0.0,0.0,0.0,0.0,0.0,31.342,31.1247,31.4763,30.9915,31.5962,31.1823,31.1315,31.5591,31.2547,2021-02-05 12:00:00+00:00
1812,468,2021-02-05,0600 UTC,0.0,0.790199,42.1525,0.983461,83.6552,0.964254,50.3107,1.10922,54.8825,0.367627,39.1459,1.26209,46.7501,1.27479,85.2078,0.742102,82.6066,0.407054,71.8247,0.0,0.0,0.0,0.0,0.0,0.0,0.0,0.0,0.0,29.1145,29.1173,28.9928,28.8266,29.1914,28.7582,28.8807,28.7996,29.2078,2021-02-05 06:00:00+00:00
9330,469,2021-02-05,1000 UTC,1.0,3.4308400000000003,288.843,2.62851,299.446,3.86501,289.654,3.29609,276.953,3.77214,296.368,3.786480000000001,286.005,1.95393,272.764,4.100219999999998,289.516,4.356,318.485,0.0,0.0,0.0,0.0,0.0,0.0,0.0,0.0,0.0,29.5236,29.3463,29.7012,29.1727,29.7325,29.3485,28.8488,29.8398,29.4894,2021-02-05 10:00:00+00:00
423,470,2021-02-05,1100 UTC,0.6,5.17606,321.947,5.41504,333.265,4.7815900000000005,306.143,4.2897,325.812,5.023219999999999,313.015,4.5397,310.493,4.14693,331.135,4.1573,297.435,6.42152,329.347,0.0,0.0,0.0,0.0,0.0,0.0,0.0,0.0,0.0,30.6543,30.8858,30.3949,30.6894,30.3476,30.5749,30.7958,30.2269,30.4749,2021-02-05 11:00:00+00:00
7606,471,2021-02-05,0100 UTC,0.0,4.1166,17.7844,3.93007,21.4902,4.15913,13.4091,4.36741,19.2049,4.09915,16.0041,4.34071,14.7115,4.09561,23.2648,4.15065,12.1317,4.070819999999999,19.726,0.0,0.0,0.0,0.0,0.0,0.0,0.0,0.0,0.0,30.3719,30.2872,30.4939,29.9804,30.3717,30.2043,29.9512,30.452,30.151,2021-02-05 01:00:00+00:00
9322,472,2021-02-05,0200 UTC,0.0,2.21296,73.32300000000002,2.45616,77.64,2.0409,71.1426,2.33719,69.5391,2.1927,76.0389,2.10784,65.2365,2.44711,78.0334,2.15251,73.1168,2.39156,80.0202,0.0,0.0,0.0,0.0,0.0,0.0,0.0,0.0,0.0,29.3227,29.329,29.2842,28.9574,29.5125,28.9806,29.0565,29.4141,29.4994,2021-02-05 02:00:00+00:00
509,473,2021-02-05,0300 UTC,0.0,0.768195,123.075,0.829625,97.8923,1.00925,115.746,1.28421,90.9005,0.344403,111.166,1.26018,96.8738,1.48012,88.4369,0.5579649999999999,114.475,0.572013,83.8146,0.0,0.0,0.0,0.0,0.0,0.0,0.0,0.0,0.0,29.5244,29.6556,29.2585,29.3325,29.7305,29.0792,29.4841,29.4968,29.7889,2021-02-05 03:00:00+00:00
3074,474,2021-02-05,0000 UTC,0.0,3.4308400000000003,288.843,2.62851,299.446,3.86501,289.654,3.29609,276.953,3.77214,296.368,3.786480000000001,286.005,1.95393,272.764,4.100219999999998,289.516,4.356,318.485,0.0,0.0,0.0,0.0,0.0,0.0,0.0,0.0,0.0,30.5098,30.603,30.4088,30.3822,30.6359,30.282,30.4748,30.5342,30.7296,2021-02-05 00:00:00+00:00
2485,475,2021-02-05,0500 UTC,0.0,1.77922,143.16,1.54264,157.907,1.98638,133.916,2.0840400000000003,127.024,1.56574,153.387,2.1991,124.515,1.9091,132.468,1.78141,138.466,1.46481,173.588,0.0,0.0,0.0,0.0,0.0,0.0,0.0,0.0,0.0,28.1407,28.3575,28.0466,28.2085,28.4357,27.8211,28.6004,28.4582,28.5487,2021-02-05 05:00:00+00:00
7594,476,2021-02-05,0700 UTC,0.0,0.32356,167.86,0.6945359999999999,117.05,0.329227,233.58900000000003,0.406941,107.346,0.379239,254.649,0.39398,64.6481,0.776151,118.971,0.6044510000000001,283.553,0.447028,102.943,0.0,0.0,0.0,0.0,0.0,0.0,0.0,0.0,0.0,29.0569,29.0627,28.8399,28.7849,28.9994,28.6956,28.8082,28.7427,29.1828,2021-02-05 07:00:00+00:00
1231,477,2021-02-05,0800 UTC,0.6,0.7293,25.8545,0.582758,41.7013,0.64474,19.3169,1.03502,347.89,0.886518,54.1295,0.907396,5.58975,0.702913,349.69699999999995,1.03449,32.3044,0.764075,50.6006,0.0,0.0,0.0,0.0,0.0,0.0,0.0,0.0,0.0,29.1023,29.1998,29.0007,28.7593,29.2083,28.7709,28.9243,29.053,29.2537,2021-02-05 08:00:00+00:00
2481,478,2021-02-05,0900 UTC,0.4,0.218827,184.337,0.8091619999999999,156.726,0.714956,307.643,0.626262,197.628,2.82941,331.556,0.904165,201.608,0.623093,203.585,3.63371,323.157,2.44142,337.976,0.0,0.0,0.0,0.0,0.0,0.0,0.0,0.0,0.0,29.2512,29.1915,29.1026,28.6195,29.6484,28.5518,28.7488,29.7101,29.5532,2021-02-05 09:00:00+00:00
2125,479,2021-02-05,0400 UTC,0.0,1.81245,85.1789,1.94838,86.1956,2.08477,93.676,2.39066,87.8054,1.42781,86.0879,2.43851,89.3892,2.56635,93.7686,1.79141,96.3403,1.5606799999999998,79.6909,0.0,0.0,0.0,0.0,0.0,0.0,0.0,0.0,0.0,29.3021,29.2789,28.8811,28.9475,29.4151,28.7072,28.9261,28.9367,29.4925,2021-02-05 04:00:00+00:00
6956,480,2021-02-06,1400 UTC,0.0,2.26473,185.816,2.52941,191.253,1.93226,182.779,2.6927,194.367,2.03231,184.376,2.1636900000000003,188.37,2.83761,199.77,1.90124,189.376,2.22597,184.456,1.46489,2.21279,1.0704,1.55933,2.60617,2.02671,1.4974,1.26797,3.36722,23.8547,24.045,23.7924,23.5945,23.9977,23.5199,23.9555,23.8261,24.0983,2021-02-06 14:00:00+00:00
8716,481,2021-02-06,2100 UTC,0.0,4.4294400000000005,160.112,4.16487,164.513,3.68324,150.984,4.2057400000000005,164.115,4.16,151.069,3.5225800000000005,158.67700000000005,3.98332,165.979,3.74568,138.282,3.89646,160.267,0.0193443,0.0218639,0.0486212,0.0279102,0.00858021,0.0360956,0.0268974,0.0294847,0.0041256,25.0751,25.1899,25.0086,24.821,25.2348,24.9192,24.9301,25.0386,25.3725,2021-02-06 21:00:00+00:00
6461,482,2021-02-06,2000 UTC,1.0,3.62592,158.884,3.45321,157.864,3.69177,158.344,3.56429,156.191,3.57957,159.575,3.69144,157.37,3.33111,153.001,3.63761,159.66299999999995,3.5578199999999995,159.238,0.0,0.0,0.0,0.0,0.0,0.0,0.0,0.0,0.0,25.881,25.8036,25.7811,25.4759,26.0036,25.5594,25.4297,25.8467,26.0039,2021-02-06 20:00:00+00:00
2981,483,2021-02-06,1900 UTC,2.8,3.76711,163.642,3.65763,162.715,3.87513,164.77599999999995,3.87986,164.649,3.78759,164.741,3.93092,165.34400000000005,3.7348,164.112,3.96924,166.713,3.67828,163.056,0.106133,0.0937424,0.129144,0.0223951,0.193235,0.030611,0.0168667,0.233097,0.160826,25.6148,25.7264,25.5403,25.2836,25.7914,25.3214,25.4438,25.6182,25.8788,2021-02-06 19:00:00+00:00
2067,484,2021-02-06,1800 UTC,6.0,4.64145,170.613,4.60496,171.90400000000002,4.657109999999999,169.581,4.72084,171.64700000000005,4.61051,169.366,4.65911,170.303,4.6673300000000015,173.50400000000005,4.67393,168.929,4.61971,170.005,0.11069,0.102728,0.1302569999999999,0.0298576,0.196259,0.033494,0.0268869,0.242663,0.165491,25.5715,25.7019,25.5065,25.3015,25.7355,25.3408,25.4769,25.5788,25.8253,2021-02-06 18:00:00+00:00
3388,485,2021-02-06,1700 UTC,0.0,4.67379,177.609,4.62869,178.8,4.68562,176.623,4.73059,180.736,4.5385800000000005,177.653,4.67764,178.97,4.65987,182.599,4.6688800000000015,177.455,4.48337,178.43900000000005,0.623957,0.636775,0.602641,0.7138399999999999,0.6786409999999999,0.609567,0.721957,0.660439,0.661035,25.8305,25.907,25.8052,25.603,25.9532,25.7607,25.7043,25.8011,26.0034,2021-02-06 17:00:00+00:00
2979,486,2021-02-06,1600 UTC,0.0,3.3583800000000004,196.982,3.41771,196.629,3.38276,197.279,3.64426,190.668,3.38947,199.777,3.780980000000001,189.124,3.49562,192.636,3.44674,201.72,3.36889,198.108,1.96202,2.7322900000000003,1.49316,2.19932,3.06794,2.42333,2.18028,1.65071,3.84985,25.4311,25.5555,25.3342,25.3436,25.3613,25.3686,25.5054,25.0909,25.4931,2021-02-06 16:00:00+00:00
2585,487,2021-02-06,1500 UTC,0.2,2.42336,185.277,2.26598,187.432,2.5575,184.597,2.54942,184.62,2.08588,188.887,2.59826,182.507,2.41346,188.686,2.37577,188.82,1.91617,189.198,1.95755,2.74185,1.49246,2.2281,3.06494,2.55588,2.18947,1.6413400000000002,3.85446,24.7496,24.809,24.7371,24.4595,24.8673,24.5451,24.5817,24.7625,24.8633,2021-02-06 15:00:00+00:00
9054,488,2021-02-06,1300 UTC,0.0,1.6363,234.488,1.84766,265.259,1.54228,196.423,2.1156900000000003,198.898,1.32778,254.203,2.46367,172.082,1.91013,247.707,1.27636,232.582,1.497,276.44,2.47027,1.88067,2.43647,2.2408200000000003,3.58416,2.62231,1.44411,3.4702800000000003,3.3354699999999995,25.3584,25.3052,25.2909,24.9498,25.3158,24.8281,25.2672,25.1272,25.1724,2021-02-06 13:00:00+00:00
2405,489,2021-02-06,0800 UTC,0.0,0.990502,187.56,0.8311379999999999,190.909,1.12486,179.993,0.952623,185.776,1.06229,180.593,1.00761,183.814,0.879433,187.525,1.22596,171.085,0.862,195.818,1.89106,1.99829,1.62839,1.87825,1.65834,1.71649,1.7909099999999998,1.54285,1.98266,24.673,24.8043,24.6139,24.3308,24.9116,24.3792,24.4978,24.7317,24.9948,2021-02-06 08:00:00+00:00
8363,490,2021-02-06,1100 UTC,0.0,2.36899,199.289,2.69504,199.264,1.98631,198.991,2.40869,199.525,2.15266,194.597,2.07393,196.69,2.69092,202.292,1.81601,198.074,2.41813,192.363,2.45523,1.85714,2.46585,2.19507,3.56267,2.53258,1.42191,3.4519900000000003,3.3183,24.1403,24.3957,23.9491,23.8723,24.1724,23.7984,24.1039,23.908,24.3732,2021-02-06 11:00:00+00:00
1591,491,2021-02-06,1000 UTC,0.2,2.40109,181.163,1.32653,220.073,3.79207,164.104,2.5339400000000003,183.784,1.39111,221.615,3.569,181.877,1.29569,193.312,2.63452,161.534,1.71541,251.017,0.00862169,0.000953197,0.0858355,0.00707817,0.00425768,0.0986896,4.00543e-05,0.0291848,0.00179958,24.7795,24.9535,24.2039,24.4399,24.7641,23.9621,24.764,24.4752,24.6576,2021-02-06 10:00:00+00:00
7052,492,2021-02-06,0900 UTC,0.0,0.940025,143.403,0.8366450000000001,147.35,0.940795,142.062,0.856298,139.341,0.856877,140.827,0.912798,135.939,0.633783,140.582,0.8327530000000001,146.563,0.890951,146.13299999999995,0.0681052,0.0460033,0.128234,0.045156,0.0831766,0.0945683,0.027072,0.175091,0.0599279,24.8759,24.9908,24.7777,24.5163,25.0644,24.5281,24.6656,24.8681,25.1724,2021-02-06 09:00:00+00:00
6441,493,2021-02-06,2200 UTC,0.0,3.01101,150.933,2.8933,149.225,3.1266,151.565,2.97073,146.315,3.06425,151.29399999999995,3.03647,148.328,2.93,144.437,3.08522,152.045,2.98681,151.491,0.0841246,0.0768976,0.0834723,0.0540981,0.0461922,0.0584116,0.0397844,0.0467472,0.0500469,25.0716,25.1093,25.0077,24.7156,25.207,24.701,24.8356,25.031,25.2732,2021-02-06 22:00:00+00:00
2224,494,2021-02-06,0700 UTC,0.0,2.50467,160.257,2.38655,164.83900000000003,2.54755,155.82,2.87306,158.711,2.12344,161.939,2.89022,154.471,2.69176,163.718,2.169,159.335,2.12093,167.24,1.88809,1.99857,1.62266,1.87689,1.65622,1.7104099999999998,1.79733,1.53998,1.9814,24.6314,24.807,24.5512,24.3355,24.7945,24.3629,24.5073,24.6326,24.9303,2021-02-06 07:00:00+00:00
1884,495,2021-02-06,0600 UTC,0.0,2.81366,183.51,2.68489,182.213,2.91713,184.707,2.5909,185.959,2.82303,183.71,2.63838,186.783,2.5203900000000004,185.647,2.9462900000000003,183.191,2.69224,184.081,1.82295,1.95352,1.50016,1.8331,1.57516,1.62192,1.7703,1.36776,1.92286,24.5369,24.6926,24.4037,24.26,24.6538,24.2816,24.3996,24.4247,24.8001,2021-02-06 06:00:00+00:00
3361,496,2021-02-06,0500 UTC,0.4,4.00652,191.091,4.26497,191.67,3.75537,190.834,3.97316,194.973,3.92321,188.019,3.59595,194.622,4.24052,195.993,3.79042,187.941,4.18947,188.577,4.76837e-06,0.00122833,0.0,8.10623e-06,0.0,0.0,0.00646162,0.0,0.000125885,25.0265,25.1583,24.9336,24.6387,25.2791,24.65,24.7977,25.0927,25.3777,2021-02-06 05:00:00+00:00
2562,497,2021-02-06,0400 UTC,0.0,4.40142,171.554,4.2389,172.53099999999995,4.47789,171.644,4.56088,169.364,4.38205,173.417,4.51523,168.94400000000005,4.43366,171.107,4.60794,173.765,4.19564,173.955,0.00761175,0.0428481,0.000122547,0.1666119999999999,0.00315237,0.0190392,0.224694,3.88622e-05,0.0438142,25.3925,25.5162,25.3001,25.0291,25.5723,25.0885,25.1844,25.4247,25.6628,2021-02-06 04:00:00+00:00
7683,498,2021-02-06,0300 UTC,1.6,4.91782,175.49,4.83749,176.707,4.9866800000000016,175.176,4.86455,177.487,4.8964,174.301,4.79937,176.65400000000002,4.78317,179.37900000000005,5.12641,175.042,4.79452,174.549,1.96033,2.00597,1.35295,2.90309,2.42433,0.956603,4.70357,0.646265,2.7374400000000003,25.4102,25.5255,25.3377,25.0656,25.6607,25.1039,25.213,25.4966,25.7349,2021-02-06 03:00:00+00:00
7667,499,2021-02-06,0200 UTC,1.8,4.32966,181.95,4.251869999999999,182.704,4.3197199999999984,182.841,4.21742,180.826,4.28929,182.573,4.02926,182.063,4.26302,181.504,4.39426,182.722,4.11139,183.17,5.01054,4.97089,3.31532,5.47524,5.58724,2.99695,7.19164,2.32877,6.709289999999998,25.1722,25.3169,25.0757,24.85,25.3913,24.8587,25.023000000000003,25.2059,25.4913,2021-02-06 02:00:00+00:00
834,500,2021-02-06,1200 UTC,0.0,1.1053,251.739,1.14707,257.183,1.12878,254.039,1.23703,245.245,1.0077,258.661,1.15772,246.167,1.30494,245.717,1.17812,250.596,1.05991,273.286,2.47583,1.86212,2.51618,2.21028,3.5862800000000004,2.57948,1.4249,3.4963900000000003,3.32661,24.5258,24.5846,24.5143,24.2469,24.6302,24.3242,24.3506,24.5176,24.5368,2021-02-06 12:00:00+00:00
3798,501,2021-02-06,2300 UTC,0.0,2.4826,153.654,2.12243,149.371,2.74733,153.71200000000005,2.41827,157.26,2.41704,145.115,2.7275,161.224,2.0566,148.577,2.65184,148.164,2.07445,141.651,0.0841246,0.0768976,0.0834723,0.0541201,0.0462351,0.0584116,0.0402985,0.0472889,0.0500469,24.7879,24.8369,24.7166,24.4063,25.0013,24.4719,24.4937,24.8212,25.045,2021-02-06 23:00:00+00:00
832,502,2021-02-06,0000 UTC,0.0,4.33007,174.884,4.09466,173.86900000000003,4.45673,174.91099999999997,4.09098,174.395,4.55947,169.71200000000005,4.25122,176.843,3.87908,173.65599999999995,4.709919999999999,170.248,4.48947,170.59,3.25894,3.46768,2.10513,2.87256,3.3535699999999995,2.19202,3.10316,1.84054,4.2965,25.1045,25.1812,25.1072,24.8023,25.3694,24.8817,24.923,25.2923,25.3488,2021-02-06 00:00:00+00:00
1045,503,2021-02-06,0100 UTC,0.8,5.459919999999999,178.49400000000003,5.44729,180.101,5.37237,178.142,5.43344,179.80700000000004,5.44979,177.19400000000005,5.21975,178.641,5.503369999999999,182.234,5.52285,176.537,5.40578,178.68,5.02189,5.18942,3.3168300000000004,5.38419,5.58528,2.97987,7.3024,2.3307,6.77928,25.2269,25.3803,25.118,24.8713,25.4662,24.8854,25.0607,25.2636,25.5797,2021-02-06 01:00:00+00:00
934,504,2021-02-07,2300 UTC,0.0,3.0579400000000003,130.393,2.99292,131.05100000000002,3.1019,129.161,3.13282,130.493,2.93458,127.549,3.19597,129.94299999999998,3.06242,130.635,2.86721,126.685,2.9751,129.68,0.0,0.0,0.0,0.0,0.0,0.0,0.0,0.0,0.0,24.3915,24.4963,24.3245,23.9411,24.6521,23.9683,24.0781,24.5392,24.7422,2021-02-07 23:00:00+00:00
6122,505,2021-02-07,0000 UTC,0.0,0.605982,327.348,0.622147,339.622,0.599614,322.786,0.6269600000000001,321.703,0.645708,330.722,0.5981810000000001,313.592,0.609156,329.251,0.596123,331.441,0.647967,346.348,0.0,0.0,0.0,0.0,0.0,0.0,0.0,0.0,0.0,23.5956,23.6165,23.56900000000001,23.5108,23.6801,23.4864,23.5297,23.6514,23.703000000000007,2021-02-07 00:00:00+00:00
831,506,2021-02-07,0100 UTC,0.0,1.72438,18.7095,1.78754,20.3813,1.6777099999999998,13.4023,1.88535,21.3439,1.83608,11.0276,1.77557,13.2968,1.87586,26.9825,1.74121,9.77954,2.01915,13.8821,0.0,0.0,0.0,0.0,0.0,0.0,0.0,0.0,0.0,23.8007,23.861,23.7721,23.3814,23.984,23.5081,23.448,23.893,23.9281,2021-02-07 01:00:00+00:00
2094,514,2021-02-07,2200 UTC,0.0,3.16811,136.55200000000002,3.14534,137.056,3.06745,137.07,3.5159800000000003,134.849,2.87298,140.084,3.30982,132.458,3.48187,135.986,2.90935,144.102,2.88078,138.436,0.0,0.0,0.0,0.0,0.0,0.0,0.0,0.0,0.0,24.401,24.5197,24.3384,23.9539,24.6517,23.9859,24.1137,24.4651,24.7629,2021-02-07 22:00:00+00:00
4326,515,2021-02-07,0900 UTC,0.0,0.419616,311.551,0.270533,318.487,0.596332,306.922,0.372682,314.518,0.4714060000000001,314.529,0.547181,306.797,0.219518,311.7870000000001,0.589052,313.061,0.389302,344.145,2.60467e-11,3.66099e-11,2.38576e-06,2.04272e-09,9.27178e-12,3.96616e-11,0.0,4.23416e-10,1.10384e-10,22.9037,22.9344,22.8708,22.6319,22.9567,22.724,22.6634,22.7892,22.8692,2021-02-07 09:00:00+00:00
7413,516,2021-02-07,1100 UTC,0.0,1.56975,354.515,1.45064,359.1040000000001,1.36731,344.551,1.48939,0.675079,1.5104,344.811,1.25076,346.071,1.20594,9.98392,1.22261,334.366,1.69115,356.434,0.0,9.988989999999996e-10,0.0,1.29472e-11,0.0,0.0,8.93413e-08,0.0,2.8466e-12,24.1155,23.7023,24.314,23.7112,24.2792,24.0551,23.1967,24.3347,23.9392,2021-02-07 11:00:00+00:00
2099,517,2021-02-07,1200 UTC,0.2,1.80968,298.774,2.17226,305.076,1.69352,283.079,1.44707,291.737,1.85097,295.873,1.41561,275.183,1.85464,302.122,1.79689,286.567,2.0725,311.011,0.0,9.988989999999996e-10,0.0,1.29472e-11,0.0,0.0,8.93413e-08,0.0,2.8466e-12,25.1844,24.988000000000003,25.1757,25.0383,25.0686,25.1003,24.9751,24.9544,24.7962,2021-02-07 12:00:00+00:00
7087,518,2021-02-07,1300 UTC,0.2,1.83983,323.058,2.3159400000000003,322.42,1.5950799999999998,324.1790000000001,1.6983700000000002,309.996,2.20206,328.773,1.5459,317.954,2.1368400000000003,314.337,1.7292,322.263,2.80148,334.751,0.0827408,0.0287297,0.150365,0.0338032,0.155694,0.094243,0.00705089,0.177022,0.0877992,24.882,24.8429,25.0028,24.5825,24.9623,24.7281,24.7008,25.1608,24.6809,2021-02-07 13:00:00+00:00
1929,519,2021-02-07,1400 UTC,0.0,1.73807,329.105,1.66333,342.329,1.84555,322.6140000000001,1.55686,340.107,2.0572,339.754,1.51024,315.646,1.6282,358.339,2.14969,335.307,2.09104,347.737,1.46996,1.35816,1.67877,1.6024200000000002,1.42732,1.87,1.4624700000000002,1.42674,1.31504,23.2173,23.1037,23.217,23.0418,22.989,23.1446,22.8773,22.996,22.7925,2021-02-07 14:00:00+00:00
5619,520,2021-02-07,1500 UTC,0.0,0.799822,269.903,0.5340229999999999,294.156,0.45174,198.898,0.8758100000000001,196.61,0.961517,298.579,0.6280939999999999,147.812,0.6865399999999999,168.269,0.671259,247.89,0.914574,319.363,2.28084,2.16106,2.53953,2.63453,2.14863,2.9464200000000003,2.47098,2.21749,2.0272,23.2761,23.2548,23.3152,23.0386,23.2822,23.0988,23.1421,23.2595,23.1518,2021-02-07 15:00:00+00:00
2449,521,2021-02-07,1600 UTC,0.0,1.99531,149.454,1.0814700000000002,165.593,1.83658,149.69299999999996,1.90217,161.195,1.43145,138.55,1.60952,154.90200000000004,1.72134,170.609,2.07483,147.846,0.379327,315.1140000000001,2.21445,2.1438,2.41862,2.60278,2.03147,2.86023,2.46436,2.09818,1.97087,24.4833,24.4619,24.5919,24.0224,24.8105,24.1077,24.17,24.9254,24.3403,2021-02-07 16:00:00+00:00
10187,522,2021-02-07,1700 UTC,0.4,2.29248,132.304,2.29926,135.016,2.18784,133.649,2.35191,130.80100000000002,2.17712,134.089,2.15092,124.576,2.4430400000000003,129.891,2.2467200000000003,134.107,2.07642,135.593,0.827232,0.814368,0.8902059999999999,1.03417,0.759848,1.08447,1.00894,0.848458,0.743632,26.1792,26.3683,26.1032,25.7729,26.4879,25.7282,26.0533,26.3681,26.5751,2021-02-07 17:00:00+00:00
9453,523,2021-02-07,1900 UTC,0.0,4.03009,159.165,3.96047,157.372,4.03564,160.715,3.97263,156.192,4.0334900000000005,162.38,4.0126300000000015,158.775,3.81415,152.196,4.083080000000002,164.81400000000005,4.0419,159.985,0.0,0.0,0.0,0.0,0.0,0.0,0.0,0.0,0.0,26.4274,26.6593,26.2132,26.0939,26.5883,25.9632,26.3766,26.2744,26.837,2021-02-07 19:00:00+00:00
4834,524,2021-02-07,2000 UTC,0.0,4.17741,166.766,4.15882,167.206,4.1642800000000015,166.342,4.26504,165.22400000000005,4.15445,168.782,4.23882,165.06599999999997,4.13985,165.112,4.1959,168.521,4.18942,168.71099999999996,0.0,0.0,0.0,0.0,0.0,0.0,0.0,0.0,0.0,25.5237,25.7509,25.3146,25.2074,25.6629,25.0923,25.4843,25.3501,25.9064,2021-02-07 20:00:00+00:00
5930,525,2021-02-07,2100 UTC,0.0,3.79014,160.525,3.62976,159.877,3.80897,161.10299999999995,3.79573,154.613,3.8187,163.382,3.7586,156.11700000000005,3.62124,153.017,3.87746,163.64600000000004,3.72406,163.487,0.0,0.0,0.0,0.0,0.0,0.0,0.0,0.0,0.0,24.8488,25.0312,24.6864,24.5203,24.9615,24.4792,24.7286,24.7032,25.1494,2021-02-07 21:00:00+00:00
3885,526,2021-02-07,1000 UTC,0.0,0.605982,327.348,0.622147,339.622,0.599614,322.786,0.6269600000000001,321.703,0.645708,330.722,0.5981810000000001,313.592,0.609156,329.251,0.596123,331.441,0.647967,346.348,2.59083e-11,1.03535e-09,2.37745e-06,1.99934e-09,9.27168e-12,3.72325e-11,8.93413e-08,3.0780900000000004e-10,1.13229e-10,23.3326,23.3705,23.2274,22.9907,23.3359,23.156,23.0386,23.2343,23.2954,2021-02-07 10:00:00+00:00
3873,527,2021-02-07,1800 UTC,3.6,4.39919,159.91,4.46358,160.334,4.21457,159.783,4.51596,166.79,4.20621,159.609,4.30661,166.796,4.49448,166.12400000000005,4.07782,160.469,4.284680000000002,158.61,0.0163497999999999,0.0114698,0.0294552,0.00205112,0.0385382,0.00804782,0.000431299,0.0577128,0.0314705,26.266,26.5647,25.9974,25.7654,26.6232,25.3734,26.2489,26.2949,26.9104,2021-02-07 18:00:00+00:00
3223,528,2021-02-08,1100 UTC,0.2,1.57707,359.974,1.54227,358.474,1.7513299999999998,356.731,1.58685,2.79321,1.84016,355.199,1.8001599999999998,356.49300000000005,1.5007700000000002,0.759949,1.79663,358.84,2.05391,356.315,0.112151,0.0993747,0.120364,0.226412,0.0164167,0.193325,0.227749,0.0334582,0.00688148,22.4171,22.5221,22.4606,21.9174,22.7278,22.1719,21.9383,22.6468,22.7212,2021-02-08 11:00:00+00:00
7115,529,2021-02-08,0000 UTC,0.0,0.8876219999999999,24.3307,1.03454,24.2276,0.661012,22.4204,0.766274,8.953489999999997,1.03734,20.8307,0.5514439999999999,350.94699999999995,0.951536,22.6996,0.787401,22.9192,1.27864,21.174,0.0,0.0,0.0,0.0,0.0,0.0,0.0,0.0,0.0,23.3704,23.3842,23.3517,23.2736,23.4671,23.2547,23.2877,23.4488,23.4804,2021-02-08 00:00:00+00:00
10197,530,2021-02-08,0200 UTC,0.0,2.4805900000000003,23.772,2.44981,25.9836,2.41184,20.993,2.5396400000000003,26.1471,2.5479,17.9904,2.36642,23.123,2.51757,29.274,2.4575,15.863,2.64624,20.0919,0.0,0.0,0.0,0.0,0.0,0.0,0.0,0.0,0.0,22.8903,22.8488,22.9772,22.4369,23.0701,22.6415,22.4137,23.0991,22.9211,2021-02-08 02:00:00+00:00
2833,531,2021-02-08,0300 UTC,0.0,1.19184,27.9102,0.7890119999999999,42.2185,1.2890700000000002,17.025,1.0712,29.6521,1.2624799999999998,17.0681,1.23699,17.2032,0.684682,52.2726,1.28523,8.18854,0.987092,28.5991,0.0828408,0.0635638,0.0553391999999999,0.125071,0.0614163,0.0581526,0.0775669,0.0583615,0.0529524,22.0085,21.9486,22.2565,21.5348,22.3094,21.8835,21.5927,22.4366,22.0771,2021-02-08 03:00:00+00:00
10592,538,2021-02-08,1000 UTC,0.0,0.8876219999999999,24.3307,1.03454,24.2276,0.661012,22.4204,0.766274,8.953489999999997,1.03734,20.8307,0.5514439999999999,350.94699999999995,0.951536,22.6996,0.787401,22.9192,1.27864,21.174,0.0209892,0.00765706,0.0485498,0.0413305,0.0080719,0.0772613,0.0203342,0.0223969,0.00060349,22.7048,22.7555,22.6586,22.3259,22.9311,22.3768,22.3633,22.8601,22.8714,2021-02-08 10:00:00+00:00
5936,539,2021-02-08,0100 UTC,0.0,1.30293,34.3144,1.3702299999999998,38.3558,1.2461,28.1259,1.39664,35.6617,1.2431299999999998,33.4145,1.25522,30.9025,1.45462,37.371,1.24806,30.6265,1.37113,31.689,0.0,0.0,0.0,0.0,0.0,0.0,0.0,0.0,0.0,23.1732,23.2437,23.1663,22.7444,23.4303,22.8786,22.8203,23.311,23.4289,2021-02-08 01:00:00+00:00
10983,540,2021-02-08,1200 UTC,0.0,1.55982,291.589,1.7784799999999998,297.5440000000001,1.40167,299.53,1.59969,285.998,1.38066,313.556,1.59501,281.922,1.69836,297.09,1.2373,329.309,1.51383,308.363,0.121939,0.102201,0.154182,0.25441,0.0660866,0.264627,0.234782,0.0901013999999999,0.0451755,23.0716,23.4055,22.8481,23.2661,22.9898,23.2598,23.3713,22.9093,23.1195,2021-02-08 12:00:00+00:00
4601,541,2021-02-08,1400 UTC,8.0,1.41059,309.266,2.04065,310.666,0.98048,318.61,1.43992,275.80400000000003,1.7778599999999998,338.9240000000001,1.03397,268.487,1.82956,285.85,1.09568,358.656,2.5560400000000003,332.371,0.0179819,0.0154056,0.0388957,0.0586724,0.0530811,0.0875169,0.0709374,0.0591755,0.0450973,24.3112,24.2126,24.3377,24.5261,24.381,24.6059,24.5243,24.3914,23.999,2021-02-08 14:00:00+00:00
3888,542,2021-02-08,1500 UTC,2.2,1.20428,231.271,1.53613,285.692,1.53007,196.598,1.57644,203.812,1.16694,259.647,1.65815,176.09799999999996,1.40964,242.273,1.56053,208.971,1.96647,309.014,0.251676,0.28671,0.20044,0.227098,0.231181,0.212935,0.299585,0.178316,0.329506,25.0925,25.0446,24.9026,24.7651,25.1403,24.5349,24.9608,24.9375,24.7458,2021-02-08 15:00:00+00:00
4609,543,2021-02-08,1600 UTC,0.0,2.19675,189.323,1.48384,194.80900000000003,3.26153,185.778,1.60738,162.519,3.47287,190.425,2.67356,172.312,1.49924,175.58599999999996,3.95803,188.367,2.7681400000000003,189.291,0.309842,0.440838,0.213507,0.781419,0.231373,0.541427,0.794978,0.178782,0.342463,25.272,25.1169,25.2558,24.8335,25.3738,25.0406,24.9091,25.2132,25.4209,2021-02-08 16:00:00+00:00
6227,544,2021-02-08,1700 UTC,0.0,3.97916,164.864,3.74432,161.534,3.89236,165.982,4.11414,164.77599999999995,4.12579,171.42,4.03233,164.648,4.0193400000000015,163.624,4.14725,172.209,3.89482,169.638,0.320193,0.541557,0.213332,0.784173,0.247995,0.541517,0.79191,0.178844,0.5377649999999999,25.4258,25.4141,25.361,24.8881,25.7619,24.9209,25.0146,25.5425,25.9781,2021-02-08 17:00:00+00:00
8433,545,2021-02-08,1800 UTC,0.0,3.91247,167.38099999999997,3.75122,167.34900000000005,4.038880000000002,166.959,3.94449,166.41,3.94325,166.22099999999998,4.08038,167.304,3.62177,164.954,4.13496,167.68400000000003,3.79485,165.136,0.0721612,0.266692,0.0132278,0.5792,0.0168162,0.335386,0.554854,0.000529826,0.214739,25.2825,25.396,25.2149,25.0451,25.4907,25.0522,25.2475,25.4004,25.6057,2021-02-08 18:00:00+00:00
5392,546,2021-02-08,1900 UTC,0.2,4.4291800000000014,154.894,4.2043,150.878,4.540019999999998,157.3,4.43831,148.694,4.47135,160.655,4.4968900000000005,151.77,4.24673,145.525,4.62791,162.46,4.36849,157.968,0.010352,0.103092,1.6123099999999998e-05,0.00277805,0.0166245,0.000111461,0.00689447,6.33597e-05,0.201377,25.8736,25.9077,25.7553,25.5132,26.034,25.5426,25.424,25.8236,26.1964,2021-02-08 19:00:00+00:00
3678,547,2021-02-08,2000 UTC,0.0,4.28413,147.287,4.14179,145.60299999999995,4.37112,149.099,4.44303,144.591,4.16737,151.55,4.424919999999998,145.29,4.2917,144.358,4.31428,154.287,4.07717,148.84,0.0,2.89083e-05,0.0,0.0,0.0,0.0,0.00101101,0.0,0.0,25.5125,25.62,25.41,25.1089,25.7262,25.1464,25.2604,25.5157,25.8759,2021-02-08 20:00:00+00:00
5667,548,2021-02-08,2100 UTC,0.0,3.95686,140.915,3.83244,141.45600000000005,3.96711,140.5,4.1597300000000015,141.029,3.7427,140.83700000000005,4.139069999999999,139.328,3.97951,142.183,3.726,143.613,3.77791,140.141,0.0,0.0,0.0,0.0,0.0,0.0,0.0,0.0,0.0,24.8849,24.9669,24.8306,24.4724,25.146,24.5394,24.6058,24.9967,25.2339,2021-02-08 21:00:00+00:00
10225,549,2021-02-08,2200 UTC,0.0,3.3377800000000004,139.72,3.21408,140.23,3.4415,138.67600000000002,3.46975,141.175,3.27182,136.959,3.56635,139.499,3.32399,141.565,3.2507200000000003,138.298,3.29237,137.74,0.0,0.0,0.0,0.0,0.0,0.0,0.0,0.0,0.0,24.3999,24.4862,24.3607,23.9981,24.6558,24.0732,24.1279,24.5354,24.7578,2021-02-08 22:00:00+00:00
8793,552,2021-02-09,2200 UTC,0.0,3.17836,161.631,3.08523,160.934,3.21275,162.1,3.19135,155.721,3.1666,164.27900000000002,3.18718,157.754,3.06386,154.06799999999996,3.2465,164.593,3.15026,164.429,0.0,0.0,0.0,0.0,0.0,0.0,0.0,0.0,0.0,24.4093,24.6349,24.2772,24.1006,24.5204,24.1042,24.3559,24.3322,24.7378,2021-02-09 22:00:00+00:00
8792,553,2021-02-09,2300 UTC,0.0,2.75912,164.357,2.57862,163.55700000000004,2.86251,164.616,2.73508,159.767,2.7893,165.06400000000005,2.82009,161.476,2.53248,158.711,2.89386,165.685,2.68787,165.294,0.0,0.0,0.0,0.0,0.0,0.0,0.0,0.0,0.0,24.1877,24.3365,24.0771,23.8335,24.3486,23.8599,24.0171,24.1683,24.4873,2021-02-09 23:00:00+00:00
11388,554,2021-02-09,0100 UTC,0.0,1.49092,114.783,1.46583,118.955,1.59622,109.629,1.62844,119.715,1.48627,107.813,1.59371,112.735,1.68717,121.623,1.60786,111.761,1.41989,114.226,0.0,0.0,0.0,0.0,0.0,0.0,0.0,0.0,0.0,23.7251,23.8068,23.7527,23.234,24.0119,23.4182,23.3858,23.9534,24.0756,2021-02-09 01:00:00+00:00
8108,555,2021-02-09,2100 UTC,0.2,3.60663,165.607,3.49744,165.297,3.6443,165.517,3.5923199999999995,161.918,3.64162,166.616,3.63491,163.097,3.3848199999999995,160.173,3.6973,166.421,3.62279,166.72799999999995,0.0,0.0,0.0,0.0,0.0,0.0,0.0,0.0,0.0,24.7805,24.9666,24.6299,24.4791,24.8926,24.4491,24.7014,24.682,25.0636,2021-02-09 21:00:00+00:00
3685,556,2021-02-09,2000 UTC,0.0,4.24567,166.275,4.18866,166.50599999999997,4.24523,165.84900000000005,4.29446,163.554,4.262569999999998,167.407,4.29394,163.542,4.10567,162.94899999999996,4.31644,167.392,4.281569999999999,167.31900000000005,0.0,0.0,0.0,0.0,0.0,0.0,0.0,0.0,0.0,25.3301,25.5421,25.1462,25.0366,25.4358,24.9761,25.2849,25.1808,25.6425,2021-02-09 20:00:00+00:00
10609,557,2021-02-09,1900 UTC,0.0,4.66255,167.317,4.6197,167.861,4.6513,166.86700000000005,4.75895,165.378,4.66156,168.94799999999995,4.72567,165.095,4.59992,165.356,4.74788,168.917,4.66838,168.834,0.0,0.0,0.0,0.0,0.0,0.0,0.0,0.0,0.0,25.6992,25.9169,25.5042,25.4233,25.7986,25.336,25.6897,25.5362,26.0193,2021-02-09 19:00:00+00:00
9140,558,2021-02-09,1800 UTC,0.0,4.7218,169.86900000000003,4.6801,170.514,4.7152,169.50099999999995,4.89203,168.96200000000005,4.80169,171.399,4.81605,168.083,4.80162,170.045,4.89283,171.08900000000003,4.80063,171.399,0.0,0.0,0.0,0.0,0.0,0.0,0.0,0.0,0.0,25.9801,26.2127,25.7675,25.6505,26.0858,25.548,25.9313,25.8022,26.3291,2021-02-09 18:00:00+00:00
3928,597,2021-02-10,0400 UTC,0.0,1.17811,48.4926,1.28302,54.4246,0.8765809999999999,51.1454,1.23147,55.7777,1.15037,43.1108,0.946666,68.6552,1.39885,59.6396,1.03989,41.0822,1.2858,42.9852,0.0,0.0,0.0,0.0,0.0,0.0,0.0,0.0,0.0,22.8207,22.8604,22.8611,22.4111,23.0676,22.5365,22.4402,23.0022,23.0049,2021-02-10 04:00:00+00:00
6552,598,2021-02-10,0300 UTC,0.0,1.62903,43.1133,1.72423,46.8199,1.32921,39.2806,1.6814,47.099,1.57484,40.8669,1.32836,43.8938,1.7755900000000002,46.4629,1.43784,37.3559,1.72868,40.6409,0.0,0.0,0.0,0.0,0.0,0.0,0.0,0.0,0.0,23.1124,23.1624,23.1713,22.6706,23.4133,22.857,22.7329,23.3501,23.3683,2021-02-10 03:00:00+00:00
4640,599,2021-02-10,1200 UTC,0.0,0.978053,294.66,1.20068,299.582,0.785479,290.55,0.79965,286.839,1.09669,307.03,0.584824,265.736,0.97918,300.43,0.978861,302.628,1.27616,313.015,0.0,0.0,0.0,0.0,0.0,0.0,0.0,0.0,0.0,25.0253,24.9152,25.074,24.837,25.0069,24.9759,24.8157,24.9914,24.7202,2021-02-10 12:00:00+00:00
7156,600,2021-02-11,2300 UTC,0.4,5.29845,84.0441,5.16895,83.5855,4.62075,87.5327,5.74808,84.5872,4.63725,83.9041,5.0301300000000015,86.7252,5.43344,86.3985,3.9439,87.0389,4.66453,82.3718,0.0,0.0,0.0,0.0,0.0,0.0,0.0,0.0,0.0,25.9742,26.0164,25.9195,25.5052,26.2661,25.5972,25.584,26.0923,26.3055,2021-02-11 23:00:00+00:00
7472,601,2021-02-11,0000 UTC,0.0,0.466518,359.8830000000001,0.631255,27.7397,0.337052,346.273,0.370041,330.67800000000005,0.563837,6.56662,0.242118,296.807,0.512785,20.3712,0.440337,356.9290000000001,0.7741180000000001,23.353,0.0,0.0,0.0,0.0,0.0,0.0,0.0,0.0,0.0,24.6646,24.6907,24.6338,24.6015,24.7262,24.5715,24.627,24.6949,24.7527,2021-02-11 00:00:00+00:00
4890,602,2021-02-11,0200 UTC,0.0,1.94834,70.2009,1.80183,70.2036,1.60953,68.295,2.34322,72.3484,1.77141,69.8804,1.9594,72.219,2.17575,72.0735,1.52218,65.9948,1.61346,71.8118,0.0,0.0,0.0,0.0,0.0,0.0,0.0,0.0,0.0,23.7227,23.8341,23.7706,23.2328,24.0238,23.4434,23.3934,23.9224,24.1087,2021-02-11 02:00:00+00:00
7796,603,2021-02-11,2100 UTC,0.0,4.79343,111.666,4.66659,112.692,4.68811,107.261,4.96282,110.929,4.64507,112.32,4.8011300000000015,107.174,4.94756,113.396,4.576309999999999,107.213,4.371580000000002,113.465,0.0,0.0,0.0,0.0,0.0,0.0,0.0,0.0,0.0,26.3089,26.5928,26.1646,25.7698,26.6537,25.6931,26.0657,26.4761,26.9664,2021-02-11 21:00:00+00:00
8800,620,2021-02-11,0500 UTC,0.0,0.437636,82.4817,0.5284300000000001,70.4854,0.631216,107.753,0.6741520000000001,74.5518,0.393468,82.5682,0.673733,93.4126,0.653972,75.8284,0.622314,101.325,0.489536,64.88,0.0,0.0,0.0,0.0,0.0,0.0,0.0,0.0,0.0,23.2053,23.2649,22.964,22.7809,23.4682,22.7027,22.8932,23.1907,23.4948,2021-02-11 05:00:00+00:00
5964,621,2021-02-11,0400 UTC,0.0,1.17767,60.6027,1.28161,66.4089,1.04924,60.0184,1.3977,64.8925,1.15579,63.5146,1.20899,70.2113,1.41794,68.5143,1.09838,56.8274,1.26997,67.3461,0.0,0.0,0.0,0.0,0.0,0.0,0.0,0.0,0.0,23.3232,23.4125,23.3611,22.8697,23.6049,23.0442,23.0112,23.5014,23.6661,2021-02-11 04:00:00+00:00
8119,622,2021-02-11,0300 UTC,0.0,0.958167,52.3973,0.968,59.1447,0.937931,43.0345,1.09677,50.5912,0.937289,57.6578,0.964996,45.2847,1.00527,54.9081,1.00009,49.1343,0.990931,56.0056,0.0,0.0,0.0,0.0,0.0,0.0,0.0,0.0,0.0,23.4604,23.5676,23.4502,22.9981,23.7725,23.1453,23.1101,23.6212,23.841,2021-02-11 03:00:00+00:00
8451,623,2021-02-11,2200 UTC,0.2,3.6766,101.333,3.69622,97.5535,3.92305,101.954,4.31531,99.6038,3.2103,104.837,4.4113,100.74,4.21197,98.6693,3.56001,102.305,3.17077,100.347,0.0,0.0,0.0,0.0,0.0,0.0,0.0,0.0,0.0,26.0356,26.2894,25.7792,25.5349,26.3216,25.3979,25.7877,25.9919,26.6284,2021-02-11 22:00:00+00:00
7787,624,2021-02-12,0100 UTC,0.0,1.20662,288.688,1.13111,281.346,1.18716,290.76,1.28505,292.389,1.11238,280.11,1.22149,293.063,1.20776,289.526,1.16752,283.3,1.00079,267.812,0.0,0.0,0.0,0.0,0.0,0.0,0.0,0.0,0.0,26.0725,26.1323,26.0182,25.7258,26.2567,25.7577,25.8631,26.1178,26.2172,2021-02-12 01:00:00+00:00
4386,625,2021-02-12,0000 UTC,0.0,1.1856,70.26899999999999,1.41965,68.4002,1.06444,78.7762,1.75392,76.8445,1.0688,64.5694,1.57446,81.9796,1.9193,74.8116,0.912697,69.8273,1.27282,65.4847,0.0,0.0,0.0,0.0,0.0,0.0,0.0,0.0,0.0,25.9973,26.0589,25.9307,25.9372,26.0559,25.8709,25.9984,25.989,26.1177,2021-02-12 00:00:00+00:00
5143,626,2021-02-12,0200 UTC,0.0,0.7520140000000001,258.077,0.857239,254.243,0.652868,251.952,0.8566450000000001,264.488,0.712691,250.791,0.776672,258.865,0.915594,260.666,0.601466,233.987,0.8685780000000001,250.155,0.0,0.0,0.0,0.0,0.0,0.0,0.0,0.0,0.0,25.9787,26.0981,25.838,25.6284,26.1666,25.6007,25.7769,25.8985,26.2247,2021-02-12 02:00:00+00:00
8163,647,2021-02-12,2200 UTC,0.0,4.07306,72.7595,3.87291,75.3652,3.7411,72.0533,4.56179,74.7244,3.47051,71.91,4.30408,73.0288,4.15969,78.7897,3.27724,70.3311,3.48631,73.5147,0.8524729999999999,1.15093,0.444626,0.421196,1.0146700000000002,0.261838,0.503482,0.480747,1.63544,27.8763,28.014,27.9458,27.362,28.1904,27.6,27.5431,28.1067,28.3085,2021-02-12 22:00:00+00:00
10283,648,2021-02-13,0100 UTC,0.0,2.70833,42.18600000000001,2.76549,46.5585,2.53569,38.9131,3.05111,45.9368,2.5075,41.6874,2.8011,44.1358,2.9977,48.5248,2.48939,38.3191,2.6003,45.0334,0.0,0.0,0.0,0.0,0.0,0.0,0.0,0.0,0.0,25.8203,25.8673,25.8132,25.4344,26.0521,25.53,25.5216,25.938,26.0689,2021-02-13 01:00:00+00:00
6882,649,2021-02-13,0000 UTC,0.0,0.247004,167.47099999999998,0.8693790000000001,93.7948,0.492959,154.994,1.4449,102.591,0.338131,137.826,1.26767,103.544,1.81986,95.7078,0.560569,135.105,0.706066,96.9452,0.0,0.0,0.0,0.0,0.0,0.0,0.0,0.0,0.0,25.8109,25.8242,25.793000000000006,25.7363,25.8853,25.7171,25.7509,25.8689,25.8971,2021-02-13 00:00:00+00:00
5182,650,2021-02-13,2300 UTC,1.0,2.40353,175.291,2.3606,174.42,2.46421,177.005,2.50317,157.688,2.73919,184.807,2.36353,165.384,2.64244,156.25,2.8439400000000004,180.68400000000003,2.71253,187.738,0.959366,1.15179,0.699642,1.11268,0.695272,0.929599,1.12832,0.479245,0.96705,27.708,27.9548,27.5055,27.639,27.2697,27.5412,27.8994,27.0851,27.4033,2021-02-13 23:00:00+00:00
6868,651,2021-02-13,0200 UTC,0.0,2.89441,35.1829,3.06876,39.1326,2.58347,32.103,3.19303,40.4002,2.8189,33.2815,2.82431,38.9581,3.22906,42.1533,2.70655,30.3119,2.9260900000000003,36.3793,0.0,0.0,0.0,0.0,0.0,0.0,0.0,0.0,0.0,25.2328,25.2809,25.2404,24.8773,25.4592,25.013,24.9376,25.3376,25.4819,2021-02-13 02:00:00+00:00
7496,652,2021-02-13,2200 UTC,0.4,2.46297,184.2,2.26256,184.314,2.69367,181.733,2.1284,165.74400000000003,2.87242,191.98,2.41221,161.099,2.00816,171.266,3.0806,189.783,2.66122,191.215,0.942764,1.13266,0.685757,1.08595,0.683511,0.910097,1.09715,0.468184,0.954794,28.0228,28.3403,27.7467,28.1802,27.5332,28.1119,28.4028,27.1422,27.9048,2021-02-13 22:00:00+00:00
9890,653,2021-02-13,2100 UTC,0.2,2.59557,192.288,2.69471,194.126,2.65343,190.698,2.53141,191.7,2.93106,190.138,2.42194,190.741,2.77896,192.874,2.9942900000000003,188.372,2.89868,189.787,0.373478,0.57719,0.206022,0.434858,0.273324,0.290208,0.483276,0.156209,0.466015,28.2127,28.4823,27.9464,28.3087,27.9572,28.1094,28.6262,27.6388,28.23,2021-02-13 21:00:00+00:00
8144,654,2021-02-13,2000 UTC,0.4,2.84721,139.251,3.16952,140.10399999999998,2.5272,149.329,3.2800300000000004,134.291,2.94077,169.05700000000004,2.82114,128.822,3.45755,140.543,3.11003,178.426,2.91834,162.248,0.0,1.49012e-08,0.0,0.0,0.0,0.0,0.0,0.0,7.45058e-09,30.6956,30.8399,30.5835,29.9767,30.6195,30.0947,30.2257,29.9142,30.9999,2021-02-13 20:00:00+00:00
6260,655,2021-02-13,1900 UTC,0.8,3.56724,122.128,2.9994,121.478,3.85778,117.656,3.68301,119.544,3.6595,123.499,3.89373,117.274,3.2901199999999995,120.055,3.82881,116.061,3.11673,125.616,0.0,0.0,0.0,0.0,0.0,0.0,0.0,0.0,0.0,31.064,31.4364,30.8086,30.6521,31.2623,30.4965,30.9999,31.0048,31.6068,2021-02-13 19:00:00+00:00
6269,656,2021-02-13,1800 UTC,0.0,3.13851,115.866,2.89459,116.49,3.2540400000000003,109.147,3.34351,119.929,2.9807200000000003,113.349,3.41969,113.34,3.13518,122.126,2.98473,104.353,2.41745,113.958,0.0,0.0,0.0,0.0,0.0,0.0,0.0,0.0,0.0,32.1347,32.361,31.9527,31.599,32.3663,31.5052,31.9032,32.1918,32.5727,2021-02-13 18:00:00+00:00
4905,657,2021-02-13,1700 UTC,0.0,1.68213,305.689,1.67451,297.107,1.63407,308.481,1.10526,294.663,1.61057,323.39,0.566429,296.16,1.33928,288.651,1.7409599999999998,324.55,1.4815,314.499,0.0,0.0,0.0,0.0,0.0,0.0,0.0,0.0,0.0,32.8849,32.869,32.9305,32.6619,32.8839,32.6998,32.7966,32.9033,32.5575,2021-02-13 17:00:00+00:00
8811,658,2021-02-13,1600 UTC,0.0,2.17805,298.71,2.01106,293.98,2.35842,306.413,2.25255,290.378,2.08062,307.704,2.3987700000000003,298.23,2.17818,286.369,2.2650200000000003,313.067,1.7963,301.868,0.0,0.0,0.0,0.0,0.0,0.0,0.0,0.0,0.0,32.1189,32.0385,32.1688,31.946,32.1195,32.0426,32.0313,32.1253,31.8441,2021-02-13 16:00:00+00:00
8520,669,2021-02-13,0500 UTC,0.0,1.08824,19.248,1.03699,26.7834,1.17045,14.9341,1.17363,29.5884,1.18854,3.09818,1.17252,27.4697,1.23158,36.3212,1.26518,2.40686,1.3319299999999998,5.1672400000000005,0.00526073,0.00496849,0.00941103,0.0055673,0.00652599,0.00890981,0.00547156,0.00833868,0.00675207,24.7257,24.7638,24.7201,24.326,24.7982,24.4625,24.3866,24.743,24.664,2021-02-13 05:00:00+00:00
9933,670,2021-02-13,0400 UTC,0.0,1.53286,56.682,2.2888900000000003,58.9794,0.65875,59.2959,2.5186,64.6718,1.37937,45.5627,1.68741,67.7191,2.7124,66.6368,0.918949,42.2723,1.91443,52.664,0.0132781,0.014007,0.0151615,0.010625,0.0169277,0.0106716,0.0137377,0.0184036,0.0162623,24.9345,25.0052,24.9157,24.6085,25.1647,24.5763,24.6908,25.0993,25.1549,2021-02-13 04:00:00+00:00
6607,671,2021-02-13,0300 UTC,0.0,3.31958,59.2569,3.38237,61.6853,2.68748,60.0613,3.90714,63.7294,2.83393,56.3752,3.50011,63.6135,3.63347,66.6412,2.35782,56.1436,3.12995,59.4456,0.0132781,0.014007,0.0151615,0.010625,0.0169277,0.0106716,0.0137377,0.0184036,0.0162623,25.0749,25.0349,25.1145,24.727,25.248,24.8555,24.7157,25.1922,25.2207,2021-02-13 03:00:00+00:00
6019,672,2021-02-14,0200 UTC,3.2,2.5197700000000003,278.165,2.60384,272.427,2.34753,278.23400000000004,2.55498,278.284,2.56873,277.444,2.38885,279.786,2.64517,271.374,2.38538,276.4,2.6202400000000003,273.001,0.0,0.0,0.0,0.0,0.0,0.0,0.0,0.0,0.0,25.2583,25.2674,25.2908,24.9659,25.3871,25.0989,25.0255,25.3283,25.3391,2021-02-14 02:00:00+00:00
6302,673,2021-02-14,0100 UTC,3.6,2.30194,267.085,2.55583,264.663,2.15774,265.421,2.30321,263.16,2.43993,268.125,2.18761,262.855,2.55004,262.258,2.23312,266.956,2.62745,264.894,0.0,0.0,0.0,0.0,0.0,0.0,0.0,0.0,0.0,25.8623,25.8701,25.8442,25.5631,26.0145,25.6246,25.6169,25.8929,25.9521,2021-02-14 01:00:00+00:00
11069,674,2021-02-14,0300 UTC,0.4,1.8919,291.107,1.97936,281.629,1.77498,292.54,1.95082,291.75,1.8684,290.235,1.85226,293.019,2.02427,280.789,1.73678,292.515,1.95685,281.29,0.0676127,0.0588717,0.0764433,0.053888,0.0818315,0.0541007,0.0500744,0.0978743,0.0674883,24.4592,24.4515,24.5009,24.1764,24.5893,24.3305,24.2054,24.5404,24.5458,2021-02-14 03:00:00+00:00
7535,675,2021-02-14,0000 UTC,8.8,1.44106,329.397,1.06512,327.357,1.80756,328.715,1.36987,344.3230000000001,1.60506,329.186,1.7535599999999998,332.93300000000005,0.906429,348.15,1.8875,332.083,1.3032700000000002,327.128,0.0,0.0,0.0,0.0,0.0,0.0,0.0,0.0,0.0,25.9606,26.0058,25.911,25.9254,25.9942,25.876,25.9704,25.9445,26.0394,2021-02-14 00:00:00+00:00
10686,676,2021-02-14,1800 UTC,0.0,4.5025,174.658,4.5183800000000005,176.90200000000004,4.57774,173.14,4.58432,171.635,4.65169,176.265,4.56055,170.231,4.49611,174.321,4.823919999999998,175.09099999999995,4.625859999999999,177.543,0.00421873,0.00211495,0.000674993,0.0012238,0.00561538,0.0002909,0.00025928,0.000421882,0.00447419,30.3674,30.7609,30.2124,30.5474,30.3069,30.4183,30.8324,29.9996,30.5092,2021-02-14 18:00:00+00:00
9938,677,2021-02-14,2300 UTC,0.0,2.03413,34.0638,1.96193,38.3196,2.01529,29.5328,2.26686,30.6409,1.8007,30.5862,2.22387,25.3265,2.07931,36.1445,1.7985799999999998,29.8797,1.87439,30.6939,0.358112,0.243681,1.64772,0.368244,0.4794350000000001,2.08576,0.0814368,1.08853,0.654644,28.1976,28.2366,28.122,27.8255,28.2865,27.9057,27.8078,28.1515,28.1781,2021-02-14 23:00:00+00:00
9917,678,2021-02-14,2200 UTC,0.0,2.52805,66.1288,1.83052,71.2217,2.73204,58.1769,2.62564,70.4771,2.52107,55.8385,2.74904,59.2446,1.95647,74.3819,2.88418,57.7188,1.70474,38.4703,0.312814,0.0524666999999999,1.64657,0.364971,0.306946,2.08575,0.00973457,1.07305,0.295627,27.8844,28.1909,27.5654,27.5234,28.0759,27.3399,27.839,27.7339,28.0139,2021-02-14 22:00:00+00:00
6623,691,2021-02-14,0700 UTC,0.0,3.34839,304.447,3.37874,296.127,3.61831,310.84,3.55932,304.801,3.32941,302.273,3.87308,311.2920000000001,3.39426,295.029,3.52768,308.699,3.4617400000000003,296.346,0.0772883,0.0808731,0.0707623,0.0825878,0.0766111,0.0731475,0.085951,0.0708762,0.0820885,23.8847,23.9289,23.8876,23.611,23.9932,23.7079,23.7024,23.9247,24.0032,2021-02-14 07:00:00+00:00
7231,692,2021-02-14,0600 UTC,0.0,3.6882,301.043,3.5827,298.351,3.816980000000001,304.2940000000001,3.65239,302.652,3.83096,298.45,3.81261,305.6140000000001,3.3915300000000004,300.074,3.92247,302.012,3.83184,295.703,0.0230483,0.0314728,0.0186778,0.0225452,0.0276291,0.0161347999999999,0.032994,0.0265373,0.031307,24.5667,24.6638,24.5302,24.2314,24.71,24.2903,24.3682,24.6042,24.7679,2021-02-14 06:00:00+00:00
7545,693,2021-02-14,0500 UTC,0.0,1.65972,303.0370000000001,1.7003700000000002,293.664,1.73567,309.829,1.69047,302.701,1.7286700000000002,300.368,1.78433,309.293,1.65728,291.911,1.76816,307.0,1.79683,292.522,0.0354646,0.0424047,0.0329864,0.0327394,0.0458913,0.0258832,0.0432238,0.0509575,0.0453559,24.4125,24.4674,24.4204,24.0714,24.5869,24.1844,24.1679,24.5122,24.6217,2021-02-14 05:00:00+00:00
7541,694,2021-02-14,0400 UTC,0.6,0.802949,293.809,0.804848,278.411,0.830211,304.527,0.776097,288.563,0.839922,293.278,0.795189,300.741,0.8387549999999999,273.948,0.8668680000000001,300.143,0.7763979999999999,273.955,0.0880932,0.0886482,0.0915263,0.0744658,0.105813,0.0677261,0.0817865,0.11914,0.0963236,24.4415,24.4483,24.4661,24.1034,24.5942,24.2205,24.16,24.5518,24.5403,2021-02-14 04:00:00+00:00
7542,695,2021-02-14,1200 UTC,0.0,2.6494,209.915,3.31144,232.429,2.60736,182.053,2.7356700000000003,217.682,2.88288,204.457,2.57107,195.925,3.08411,234.879,2.82362,175.96200000000005,3.73962,226.458,0.0,0.0,0.0,0.0,0.0,0.0,0.0,0.0,0.0,28.7714,29.0804,28.4986,28.4919,28.846,28.3338,28.8401,28.467,29.1584,2021-02-14 12:00:00+00:00
7228,696,2021-02-15,0900 UTC,0.0,1.04436,77.3442,1.08956,105.704,1.68107,87.6579,1.6778,86.2597,0.549962,78.0461,2.0985,84.0116,1.80611,102.398,1.45357,100.448,0.183213,305.824,0.0,0.0,0.0,0.0,0.0,0.0,0.0,0.0,0.0,26.1532,26.171,25.7315,25.825,26.195,25.7783,25.9054,25.5522,26.2374,2021-02-15 09:00:00+00:00
6620,697,2021-02-15,1100 UTC,0.0,0.767049,201.109,0.894523,212.693,0.577955,180.64,0.676926,174.408,0.8814719999999999,208.692,0.687592,149.519,0.690282,209.737,0.685027,206.794,1.01913,205.758,0.0,0.0,0.0,0.0,0.0,0.0,0.0,0.0,0.0,28.7378,28.7588,28.7261,28.6579,28.7305,28.6328,28.7316,28.6724,28.7934,2021-02-15 11:00:00+00:00
8555,770,2021-02-18,0700 UTC,0.0,0.344822,152.983,0.309897,149.847,0.292088,135.97899999999998,0.158419,196.355,0.39328,151.376,0.170461,132.276,0.215614,190.094,0.256757,132.989,0.393785,149.514,0.0,0.0,0.0,0.0,0.0,0.0,0.0,0.0,0.0,26.9455,27.0761,26.8074,26.8109,27.0121,26.7338,26.9311,26.8798,27.1095,2021-02-18 07:00:00+00:00
11096,771,2021-02-18,0500 UTC,0.0,1.42756,208.252,1.57249,207.424,1.3267,215.772,1.52285,215.829,1.36435,204.569,1.38212,224.838,1.76273,211.601,1.3492,210.43400000000003,1.43058,205.824,0.0,0.0,0.0,0.0,0.0,0.0,0.0,0.0,0.0,27.446,27.5212,27.426,27.1502,27.5995,27.1928,27.2682,27.4936,27.6012,2021-02-18 05:00:00+00:00
7888,772,2021-02-18,1100 UTC,0.0,1.64929,279.87,1.73194,273.921,1.57812,289.242,1.4650299999999998,278.11400000000003,1.85154,277.862,1.43295,290.518,1.5105,274.238,1.6921,285.9240000000001,1.91506,269.874,0.0,0.0,0.0,0.0,0.0,0.0,0.0,0.0,0.0,27.8672,27.8365,27.9164,27.5703,27.9553,27.6939,27.6232,27.9368,27.8675,2021-02-18 11:00:00+00:00
10712,773,2021-02-18,0300 UTC,1.4,2.08989,348.844,1.80612,355.064,2.45253,340.5440000000001,2.11743,346.582,2.1041,349.399,2.48627,339.282,1.78765,350.8180000000001,2.43737,339.727,1.90591,359.524,0.000400136,0.0008100189999999,0.000145951,0.000541375,0.000374362,0.000214273,0.000910111,0.000134522,0.0008369,27.3487,27.3203,27.3807,27.028,27.4702,27.1532,27.0443,27.4596,27.3457,2021-02-18 03:00:00+00:00
9976,774,2021-02-18,0200 UTC,9.2,2.42498,306.463,2.54971,306.051,2.43013,306.008,2.54229,306.44,2.40703,300.02,2.57507,308.503,2.52365,302.497,2.47724,298.502,2.5175400000000003,304.749,0.0,0.0,0.0,0.0,0.0,0.0,0.0,0.0,0.0,27.4721,27.3455,27.597,27.1082,27.7429,27.2619,27.1682,27.7916,27.4921,2021-02-18 02:00:00+00:00
8886,775,2021-02-18,0000 UTC,0.0,1.90658,293.813,1.80248,288.082,1.97125,298.502,1.8821,294.338,1.9857,292.3590000000001,1.93991,300.2270000000001,1.80842,285.03,2.05545,296.117,1.84661,288.813,0.0,0.0,0.0,0.0,0.0,0.0,0.0,0.0,0.0,27.36,27.4462,27.2681,27.2798,27.4395,27.1882,27.3658,27.3475,27.5257,2021-02-18 00:00:00+00:00
7887,776,2021-02-18,0900 UTC,0.0,0.5912810000000001,298.312,0.577091,276.516,0.7006060000000001,315.693,0.623479,290.2270000000001,0.627487,306.971,0.7092109999999999,305.508,0.6235109999999999,270.874,0.718491,323.55,0.630282,285.307,0.0,0.0,0.0,0.0,0.0,0.0,0.0,0.0,0.0,26.5117,26.5722,26.4722,26.2067,26.6638,26.2495,26.3184,26.5601,26.6691,2021-02-18 09:00:00+00:00
9590,777,2021-02-18,0400 UTC,0.2,0.348596,47.4088,0.335518,80.2696,0.379421,17.1889,0.315172,30.8162,0.38165,67.8151,0.390165,3.3380400000000003,0.231322,84.4327,0.370664,41.3421,0.452971,86.8458,0.0,0.0,0.0,0.0,0.0,0.0,0.0,0.0,0.0,27.2443,27.2728,27.2297,26.9767,27.3341,27.0491,27.0431,27.2426,27.3421,2021-02-18 04:00:00+00:00
11105,778,2021-02-18,1000 UTC,0.0,1.90658,293.813,1.80248,288.082,1.97125,298.502,1.8821,294.338,1.9857,292.3590000000001,1.93991,300.2270000000001,1.80842,285.03,2.05545,296.117,1.84661,288.813,0.0,0.0,0.0,0.0,0.0,0.0,0.0,0.0,0.0,26.8893,26.8416,26.9266,26.5467,27.063,26.6662,26.6007,27.0367,26.9267,2021-02-18 10:00:00+00:00
11509,779,2021-02-18,0100 UTC,12.2,1.66826,321.829,1.7071900000000002,317.695,1.57917,323.811,1.65883,317.474,1.6979400000000002,326.467,1.6297,319.981,1.6899099999999998,311.519,1.58122,327.128,1.61179,325.103,0.0,0.0,0.0,0.0,0.0,0.0,0.0,0.0,0.0,27.9424,27.9315,27.9061,27.6067,28.0535,27.6516,27.7137,27.9901,27.8916,2021-02-18 01:00:00+00:00
9252,780,2021-02-18,2300 UTC,0.0,1.95496,78.4109,0.967441,62.5978,1.86698,83.5532,2.49571,70.9847,1.01224,36.4258,1.8498,76.9049,2.17386,76.4249,1.75767,75.7919,1.12242,322.507,0.00610286,0.00545973,0.00939505,0.0055531,0.00944981,0.00566982,0.00519016,0.017668,0.00607881,27.6964,27.7115,27.4718,27.2311,27.6073,27.201,27.4468,27.643,27.0401,2021-02-18 23:00:00+00:00
7235,781,2021-02-18,1300 UTC,0.0,0.769624,84.5233,0.8430690000000001,322.5540000000001,1.19796,99.4812,1.35044,80.6449,0.537538,329.67,1.14684,88.295,0.924268,67.9638,0.878411,93.3196,1.68068,308.528,0.0,0.0,0.0,0.0,0.0,0.0,0.0,0.0,0.0,30.5563,30.4455,30.4395,30.1943,30.617,30.2581,30.3211,30.572,30.1443,2021-02-18 13:00:00+00:00
8881,782,2021-02-18,1400 UTC,0.2,0.637674,251.87,1.4805,270.475,0.587446,127.666,0.745476,114.704,1.98709,251.992,1.22587,122.655,0.294092,196.414,1.72714,216.419,2.09961,260.754,0.0,0.0,0.0,0.0,0.0,0.0,0.0,0.0,0.0,31.829,31.8296,31.8589,31.4839,31.8367,31.5258,31.6945,31.8587,31.6752,2021-02-18 14:00:00+00:00
11112,783,2021-02-18,1500 UTC,0.0,2.6915400000000003,169.528,2.12778,173.636,2.6964900000000003,166.91099999999997,2.47665,170.23,2.70863,178.688,2.5449900000000003,168.085,2.76759,170.28400000000005,2.64533,170.49900000000005,1.79194,180.918,0.0,0.0,0.0,0.0,0.0,0.0,0.0,0.0,0.0,32.1733,32.6071,31.9065,31.6947,32.4291,31.6669,32.168,32.0622,32.8225,2021-02-18 15:00:00+00:00
9258,784,2021-02-18,1600 UTC,0.0,3.67403,119.725,2.80329,121.804,3.78215,117.002,3.87811,120.15,2.99051,112.809,4.0124,116.97,3.67365,121.118,3.6836,117.747,0.967665,65.0587,0.0,0.0,0.0,0.0,0.0,0.0,0.0,0.0,0.0,31.7121,32.1355,31.5647,31.1102,32.3773,31.0208,31.3539,31.8683,32.7474,2021-02-18 16:00:00+00:00
8230,785,2021-02-18,1700 UTC,0.0,4.28661,115.266,4.02721,115.662,4.44206,112.231,4.630669999999999,117.185,3.99219,114.914,4.64923,113.423,4.52041,119.435,4.1613,112.182,3.66458,115.742,0.0,0.0,0.0,0.0,0.0,0.0,0.0,0.0,0.0,31.8094,31.934,31.7078,31.2037,32.1064,31.1543,31.3974,31.964,32.2771,2021-02-18 17:00:00+00:00
10760,853,2021-02-21,0800 UTC,0.0,0.78145,334.089,0.571205,331.645,0.963317,335.8230000000001,0.8746200000000001,328.961,0.669764,338.3540000000001,1.02357,330.977,0.6717890000000001,327.447,0.8302290000000001,336.858,0.534354,351.565,0.0,0.0,0.0,0.0,0.0,0.0,0.0,0.0,0.0,24.6024,24.6388,24.585,24.3118,24.6789,24.3903,24.4218,24.6145,24.6117,2021-02-21 08:00:00+00:00
11144,854,2021-02-21,0700 UTC,0.0,0.325457,267.211,0.445215,253.207,0.400255,278.976,0.515979,256.61,0.164026,274.139,0.493762,274.875,0.631508,246.785,0.339209,270.161,0.331928,255.95,0.0,0.0,0.0,0.0,0.0,0.0,0.0,0.0,0.0,24.6405,24.667,24.6778,24.3383,24.7891,24.4547,24.4098,24.7446,24.7224,2021-02-21 07:00:00+00:00
11535,855,2021-02-21,0600 UTC,0.0,0.371434,256.322,0.413369,249.223,0.393918,271.033,0.5093409999999999,255.667,0.236557,260.785,0.571905,275.141,0.6514850000000001,241.256,0.256548,257.126,0.204495,257.094,0.0,0.0,0.0,0.0,0.0,0.0,0.0,0.0,0.0,24.5667,24.5532,24.5928,24.3181,24.6514,24.4277,24.3699,24.6282,24.5635,2021-02-21 06:00:00+00:00
11139,856,2021-02-21,0500 UTC,0.2,1.00311,321.826,0.916272,329.902,1.12607,314.583,1.03776,319.324,0.997005,338.171,1.16851,312.774,0.919889,328.036,1.08174,329.677,0.976706,351.966,0.0,0.0,0.0,0.0,0.0,0.0,0.0,0.0,0.0,24.7032,24.7711,24.6664,24.502,24.7493,24.5986,24.5972,24.6858,24.6566,2021-02-21 05:00:00+00:00
11529,857,2021-02-21,0400 UTC,0.0,0.885051,14.1395,1.0091,10.2139,0.8088350000000001,13.8335,0.8739120000000001,17.1435,1.20392,359.841,0.749216,5.44827,0.972897,22.3627,0.984856,6.12265,1.58377,359.331,0.0,0.0,0.0,0.0,0.0,0.0,0.0,0.0,0.0,25.1978,25.2264,25.172,24.8198,25.2488,24.9571,24.9524,25.246,25.0426,2021-02-21 04:00:00+00:00
9269,858,2021-02-21,0300 UTC,0.0,1.6539700000000002,40.8111,1.68967,42.1946,1.58295,39.6032,1.6746599999999998,43.0399,1.62094,29.6112,1.54147,40.7377,1.73217,44.9854,1.55984,30.305,1.76601,28.0379,0.0,0.0,0.0,0.0,0.0,0.0,0.0,0.0,0.0,25.4724,25.4927,25.4854,25.0163,25.6563,25.1464,25.0611,25.6003,25.5609,2021-02-21 03:00:00+00:00
9998,859,2021-02-21,0200 UTC,0.4,1.08246,47.2808,1.15007,45.3461,1.03519,44.2106,1.20355,46.9225,0.985373,25.5508,0.99498,47.7673,1.31438,43.6155,0.987095,36.5485,1.38812,19.9998,0.0,0.0,0.0,0.0,0.0,0.0,0.0,0.0,0.0,25.9854,26.0594,25.9712,25.5219,26.228,25.6497,25.5946,26.158,26.1047,2021-02-21 02:00:00+00:00
10748,860,2021-02-21,0100 UTC,0.6,1.26856,58.5958,1.18973,56.6171,1.15606,60.0792,1.51107,60.5802,1.10181,60.5249,1.2813,64.1157,1.3562,57.6613,1.13436,60.5717,1.07743,55.8316,0.0,0.0,0.0,0.0,0.0,0.0,0.0,0.0,0.0,26.2735,26.351,26.2828,25.8177,26.5458,25.9682,25.9535,26.4347,26.5926,2021-02-21 01:00:00+00:00
9636,861,2021-02-21,0000 UTC,3.2,0.589118,252.469,0.7898569999999999,253.247,0.4108060000000001,250.914,0.615007,249.7,0.674823,259.824,0.428488,253.418,0.805813,246.199,0.50797,255.489,0.901081,257.82,0.0,0.0,0.0,0.0,0.0,0.0,0.0,0.0,0.0,26.1962,26.2326,26.1546,26.1104,26.2813,26.0701,26.1454,26.2385,26.3187,2021-02-21 00:00:00+00:00
9264,862,2021-02-21,2300 UTC,0.0,3.46641,125.194,3.33801,128.751,3.28147,117.399,3.67573,125.085,3.2170400000000003,123.044,3.52374,117.999,3.66657,128.25,2.9734,116.044,3.11934,128.535,0.0209242,0.0133861,0.00888436,0.0699699,0.000336644,0.0419907,0.0293536,0.000663771,0.0005453999999999,25.709,25.9229,25.6337,25.2603,26.0075,25.2034,25.4995,25.9076,26.1668,2021-02-21 23:00:00+00:00
10743,863,2021-02-21,1000 UTC,0.0,0.589118,252.469,0.7898569999999999,253.247,0.4108060000000001,250.914,0.615007,249.7,0.674823,259.824,0.428488,253.418,0.805813,246.199,0.50797,255.489,0.901081,257.82,0.0,0.0,0.0,0.0,0.0,0.0,0.0,0.0,0.0,25.2242,25.2888,25.1706,24.8233,25.4402,24.8561,24.9418,25.3185,25.4344,2021-02-21 10:00:00+00:00
11513,864,2021-02-22,0000 UTC,0.0,0.316854,204.98,0.461255,232.252,0.210627,173.28599999999997,0.3555239999999999,215.621,0.408873,209.216,0.304431,198.874,0.495854,235.764,0.268067,198.726,0.586175,234.693,0.0,0.0,0.0,0.0,0.0,0.0,0.0,0.0,0.0,26.5469,26.5991,26.4895,26.4743,26.6182,26.4191,26.5243,26.5588,26.6723,2021-02-22 00:00:00+00:00
10781,870,2021-02-22,1900 UTC,0.0,5.63363,166.183,5.4541900000000005,168.634,5.559769999999999,165.15099999999995,5.53839,164.87900000000005,5.65842,165.93099999999995,5.46182,164.03799999999995,5.250780000000002,166.206,5.632969999999999,165.405,5.6463800000000015,167.28900000000004,0.00411118,0.00103886,0.00793763,5.97424e-08,0.0142085,1.0396e-07,2.22523e-07,0.0128432999999999,0.0103648,27.3434,27.5034,27.1964,27.0619,27.4206,27.0815,27.2588,27.1299,27.617,2021-02-22 19:00:00+00:00
10780,871,2021-02-22,1800 UTC,0.0,5.47506,168.987,5.46191,170.032,5.40325,168.343,5.61931,168.60299999999995,5.55035,169.96099999999996,5.46544,167.63,5.57003,169.99200000000005,5.57686,169.65400000000002,5.56431,170.453,0.0,0.0,0.0,0.0,0.0,0.0,0.0,0.0,0.0,27.6466,27.8734,27.4432,27.3455,27.7407,27.2512,27.6133,27.4503,27.9874,2021-02-22 18:00:00+00:00
11551,872,2021-02-22,1700 UTC,0.0,5.62295,176.542,5.5182,177.225,5.66046,176.426,5.64445,174.775,5.77455,177.03799999999995,5.56113,174.604,5.5494900000000005,176.074,5.88673,176.882,5.70589,177.199,0.0,0.0,0.0,0.0,0.0,0.0,0.0,0.0,0.0,27.8488,28.1165,27.6059,27.5448,27.9194,27.4085,27.8519,27.6045,28.2041,2021-02-22 17:00:00+00:00
10775,873,2021-02-22,1600 UTC,0.8,5.16086,180.907,5.12411,181.455,5.19607,180.511,5.05054,176.55900000000003,5.24728,181.308,4.99578,176.604,5.02976,178.076,5.33805,180.651,5.27948,181.461,0.0,0.0,0.0,0.0,0.0,0.0,0.0,0.0,0.0,28.0385,28.2993,27.8044,27.6783,28.0947,27.5516,27.9796,27.7834,28.3862,2021-02-22 16:00:00+00:00
11553,874,2021-02-22,1500 UTC,0.0,4.65256,189.624,4.6506,191.09,4.64674,187.76,4.49213,185.894,4.86307,191.797,4.41169,184.392,4.5025,188.633,4.890630000000002,190.806,4.91126,191.758,0.0,0.0,0.0,0.0,0.0,0.0,0.0,0.0,0.0,28.0746,28.3321,27.8577,27.878,27.9842,27.7428,28.1549,27.6858,28.2657,2021-02-22 15:00:00+00:00
11150,875,2021-02-22,1400 UTC,1.6,3.7892,198.556,3.63335,198.49,3.85448,199.30900000000003,3.772,204.247,3.87962,194.66,3.72802,204.187,3.69798,204.346,4.03024,195.077,3.71209,194.991,0.0,0.0,0.0,0.0,0.0,0.0,0.0,0.0,0.0,28.1435,28.3984,27.9275,27.9006,28.1992,27.821,28.1543,27.8661,28.4727,2021-02-22 14:00:00+00:00
10012,876,2021-02-22,1300 UTC,1.0,2.9622,202.224,2.8315900000000003,199.46,2.98993,200.931,2.94923,208.212,3.04121,195.11,3.01298,207.453,2.9092,207.611,3.0341,196.016,2.61696,196.978,0.0,0.0,0.0,0.0,0.0,0.0,0.0,0.0,0.0,27.6206,27.8941,27.4684,27.3696,27.7227,27.3045,27.5823,27.472,28.0297,2021-02-22 13:00:00+00:00
11547,877,2021-02-22,1200 UTC,0.0,2.4335,208.099,1.7765099999999998,234.665,2.4915700000000003,215.292,2.63374,214.345,2.12181,211.762,2.61199,222.637,2.20609,221.238,2.38119,207.522,1.7643400000000002,254.975,0.0,0.0,0.0,0.0,0.0,0.0,0.0,0.0,0.0,26.9848,27.1312,26.8173,26.6194,27.1897,26.6292,26.8834,26.8926,27.1505,2021-02-22 12:00:00+00:00
10771,878,2021-02-22,1100 UTC,0.0,0.8381790000000001,259.144,1.34951,286.793,1.0361200000000002,236.822,0.987796,245.669,1.07116,266.954,1.2698,234.053,1.14308,273.024,1.01112,242.772,1.56788,285.883,0.0,0.0,0.0,0.0,0.0,0.0,0.0,0.0,0.0,26.1178,26.0569,26.1213,25.7753,26.27,25.8859,25.8277,26.1976,26.1277,2021-02-22 11:00:00+00:00
10386,879,2021-02-22,1000 UTC,0.0,0.316854,204.98,0.461255,232.252,0.210627,173.28599999999997,0.3555239999999999,215.621,0.408873,209.216,0.304431,198.874,0.495854,235.764,0.268067,198.726,0.586175,234.693,0.0,0.0,0.0,0.0,0.0,0.0,0.0,0.0,0.0,25.1375,25.233,25.0649,24.7496,25.3683,24.7884,24.8696,25.199,25.4313,2021-02-22 10:00:00+00:00
11565,965,2021-02-26,2000 UTC,0.0,4.98163,124.193,5.13008,129.142,4.53092,120.324,5.3463,122.698,4.45506,125.71,4.83014,118.145,5.58091,127.675,4.1473,123.765,4.58522,131.08700000000002,0.0,0.0,0.0,0.0,0.0,0.0,0.0,0.0,0.0,27.7975,27.9994,27.7562,27.1348,28.2419,27.1864,27.3802,28.1061,28.4126,2021-02-26 20:00:00+00:00
11564,966,2021-02-26,1900 UTC,0.0,4.61888,121.996,4.46504,121.906,4.5415,119.946,4.9873,120.245,4.37408,123.227,4.836469999999999,117.975,4.9036,120.864,4.34313,122.81,4.24568,125.042,0.0,0.0,0.0,0.0,0.0,0.0,0.0,0.0,0.0,28.8057,29.107,28.643,28.216,29.1745,28.167,28.4909,28.9145,29.4789,2021-02-26 19:00:00+00:00
11563,967,2021-02-26,1800 UTC,0.0,3.74466,119.634,3.67966,121.407,3.70039,117.669,3.94039,120.32,3.61972,120.908,3.8646,116.004,3.96926,123.45,3.62952,122.115,3.48355,121.602,1.20309e-08,5.68707e-07,2.60458e-09,3.98147e-07,1.86742e-10,3.76107e-10,1.27436e-06,6.24334e-11,3.5631199999999994e-08,29.4171,29.5891,29.3432,28.829,29.7929,28.8754,29.0133,29.6099,30.0019,2021-02-26 18:00:00+00:00
11559,968,2021-02-26,1700 UTC,,3.42225,114.447,3.3991800000000003,111.328,3.47988,115.803,3.67561,111.966,3.3116800000000004,114.833,3.58209,111.782,3.73818,114.105,3.28635,115.251,3.19683,115.906,1.20309e-08,5.68707e-07,2.60458e-09,3.98147e-07,1.86742e-10,3.76107e-10,1.27436e-06,6.24334e-11,3.5631199999999994e-08,30.0461,30.1934,29.9157,29.4173,30.3481,29.4882,29.546,30.1925,30.5284,2021-02-26 17:00:00+00:00
11560,969,2021-02-26,1500 UTC,0.0,2.8349,158.741,2.17847,158.393,2.8474,158.672,2.95782,144.621,3.05444,183.722,2.87565,149.293,2.49161,136.47299999999998,3.07329,181.121,3.09038,187.249,0.0,0.0,0.0,0.0,0.0,0.0,0.0,0.0,0.0,29.5523,30.0443,29.2623,29.0815,29.5443,28.941,29.5389,29.1959,29.8474,2021-02-26 15:00:00+00:00
11169,970,2021-02-26,1400 UTC,0.0,2.32858,182.691,1.53649,182.546,2.24776,190.368,2.06285,179.313,2.42286,183.232,1.86288,191.506,1.21018,189.026,2.47784,186.698,1.71298,178.407,0.0,0.0,0.0,0.0,0.0,0.0,0.0,0.0,0.0,28.4484,28.6598,28.2467,28.2072,28.5699,28.0995,28.4393,28.307,28.7654,2021-02-26 14:00:00+00:00
11562,971,2021-02-26,1100 UTC,0.0,0.647051,7.74292,0.621905,358.836,0.6372770000000001,16.5189,0.568457,5.14127,0.764871,7.657780000000002,0.494865,9.70303,0.61729,6.86603,0.7333350000000001,14.4169,0.794768,9.48468,0.0,0.0,0.0,0.0,0.0,0.0,0.0,0.0,0.0,24.3292,24.3282,24.3689,24.0562,24.4274,24.1693,24.0883,24.408,24.3369,2021-02-26 11:00:00+00:00
11572,983,2021-02-26,1000 UTC,0.0,0.643953,282.082,0.6324569999999999,283.617,0.6847880000000001,283.258,0.712191,269.958,0.55174,297.646,0.71668,273.154,0.737684,266.421,0.550426,295.07,0.54666,304.759,0.0,0.0,0.0,0.0,0.0,0.0,0.0,0.0,0.0,23.8729,23.8884,23.8576,23.6022,23.9581,23.6747,23.6786,23.8904,23.8824,2021-02-26 10:00:00+00:00
11571,984,2021-02-27,0500 UTC,0.0,0.942362,41.2206,1.2312299999999998,38.3464,0.739069,47.1819,1.21715,61.70399999999999,0.82326,38.8515,0.8590120000000001,66.61,1.45249,61.7747,0.7777270000000001,49.4209,1.22288,16.2361,1.7290900000000002,1.69443,1.82602,2.05051,1.3213,2.1373,2.02228,1.41796,1.27106,24.2079,24.1938,24.0575,23.8334,24.2367,23.8385,23.78,24.0836,24.097,2021-02-27 05:00:00+00:00
11570,985,2021-02-27,0700 UTC,0.0,0.987505,18.5107,1.05662,28.8648,1.02935,9.70648,1.2108,42.7733,1.28461,2.60602,1.06984,37.5178,1.28039,43.5605,1.17514,1.15121,1.52116,8.66324,0.0592523,0.0385795,0.0798817,0.0738559,0.0227804,0.0967569,0.0516753,0.0324781,0.0143542,23.8885,23.9054,23.9158,23.5882,23.7555,23.8042,23.6059,23.769,23.5921,2021-02-27 07:00:00+00:00
11566,986,2021-02-27,0600 UTC,0.2,0.588735,13.6617,0.635961,6.53949,0.742308,23.343000000000004,0.697974,38.3814,1.01693,346.987,0.686976,23.4067,0.642359,36.0657,0.948541,8.14838,1.18328,346.532,1.10845,1.11345,1.13226,1.3022,0.78459,1.30769,1.32068,0.8257700000000001,0.764034,23.9299,23.9095,23.94,23.5055,23.9223,23.6403,23.5687,24.0066,23.6754,2021-02-27 06:00:00+00:00
11567,987,2021-02-27,0400 UTC,0.0,1.13741,133.937,1.0931,137.32299999999998,1.07158,128.234,1.40247,131.139,1.1296700000000002,125.787,1.29653,130.031,1.32849,135.056,1.08805,116.722,1.14599,127.796,4.44341,4.35783,4.54225,4.97122,3.67823,4.974069999999998,4.96917,3.87255,3.5071800000000004,23.3023,23.2963,23.2348,23.1371,23.4792,23.0693,23.1896,23.3772,23.4898,2021-02-27 04:00:00+00:00
11568,988,2021-02-27,1000 UTC,0.0,0.67604,113.633,0.829976,101.921,0.601104,129.007,0.916284,102.731,0.667126,117.688,0.664693,115.124,1.05219,99.0918,0.622594,127.056,0.644579,106.671,0.0,0.0,0.0,0.0,0.0,0.0,0.0,0.0,0.0,23.896,23.9493,23.7017,23.5312,24.1154,23.4086,23.6091,23.8887,24.1436,2021-02-27 10:00:00+00:00
11569,989,2021-02-27,0200 UTC,0.0,1.2048,53.7247,1.33966,65.1729,1.06568,44.3045,1.32749,47.0074,1.18068,66.081,1.1638700000000002,45.6135,1.38842,51.8636,1.09943,58.3511,1.28284,65.247,0.0,0.0,0.0,0.0,0.0,0.0,0.0,0.0,0.0,24.563,24.6101,24.53,24.2446,24.7652,24.3708,24.2562,24.6088,24.8055,2021-02-27 02:00:00+00:00
